,tag,text
0,2,@anonymized_account @anonymized_account @anonymized_account Gdzie jest @anonymized_account . BrudziÅ„ski jesteÅ› kÅ‚amcÄ… i marnym kutasem @anonymized_account
1,2,@anonymized_account @anonymized_account No to SkoÅ„czmy kurwa z tym wersalem w j...ej szczujni
2,2,#Woronicza 17 poseÅ‚ Halicki oburzony za Bolka.NaprawdÃ¨ taki tÄ™py czy tylko udaje idiotÄ™?
3,1,@anonymized_account @anonymized_account @anonymized_account Jak narazie to masz przywidzenia co nie zmienia faktu Å¼e caÅ‚y czas jesteÅ› idiotÄ….
4,1,Nikt nigdy nie rozsiewaÅ‚ takiego smrodu jak @anonymized_account
5,2,"@anonymized_account Hehe, do gazu, hehe jeszcze jakieÅ› emotikony wrzuÄ‡"
6,2,"@anonymized_account @anonymized_account @anonymized_account Sekta, cha, cha, cha, obudÅº siÄ™ z hipnozy, jesteÅ› bolszewikiem"
7,2,"@anonymized_account @anonymized_account Jasne, bo debile oglÄ…dajÄ…cy tvpis pÅ‚aczÄ… tylko na m jak miÅ‚oÅ›Ä‡"
8,2,Zdrady stanu to Donald Tusk dopuÅ›ciÅ‚ siÄ™ juÅ¼ w 2010 r kiedy dodaÅ‚ Rosjanom Å›ledztwo w sprawie katastrofy smoleÅ„skiej.
9,2,@anonymized_account @anonymized_account Ty siÄ™ oszuÅ›cie i kÅ‚amco od nas odpierdol. My sobie damy radÄ™ bez twoich kÅ‚amstw
10,1,@anonymized_account Å»al ci biedaku??? Gdyby nie KaczyÅ„ski to by je twoi przyjaciele z PO rozkradl
11,2,"Sekta kurwa, jakaÅ› niepojÄ™ta radoÅ›Ä‡, kaÅ¼de konto pisdzielskie tylko o jednym"
12,2,"@anonymized_account JebaÄ‡, jebaÄ‡, nic siÄ™ nie baÄ‡."
13,1,"@anonymized_account Jakiej pracy, ty juÅ¼ pajacu nie wiesz na czym siÄ™ lansowaÄ‡. Sejm nie pracuje."
14,1,@anonymized_account Czego siÄ™ spodziewaÄ‡ po czÅ‚onku Å¼ydowskiego amerykaÅ„skiego lobby. Lata na kolanach przed Å¼ydami zrobiÅ‚o swoje.
15,2,"Picie to przyszÅ‚oÅ›Ä‡, piÄ™kna i nieznana, szukajcie zapomnienia, prÃ³bujcie rÃ³Å¼nych trunkÃ³w, Å‚Ä…czcie Å›rodki psychoaktywne, powodzenia"
16,2,@anonymized_account Ale ty jesteÅ› Å¼enujÄ…cy. Dno metr muÅ‚u.
17,2,"@anonymized_account znacznie bliÅ¼ej jest mi muzuÅ‚manin  czy indus, niÅ¼ katolicka, Å‚ysa swoÅ‚ocz ze wschodu europy, do tego rasistowska"
18,2,"@anonymized_account @anonymized_account @anonymized_account Low kick, kolano Å‚okieÄ‡, blacha na czoÅ‚o i stara leÅ¼y"
19,1,"@anonymized_account Wio endekdu, Å›cierwa, zdrajcy, szubienica"
20,1,"@anonymized_account @anonymized_account Maly murzyn, silny i zdrowy"
21,1,@anonymized_account Jeszcze was zjemy i wysramy
22,2,"@anonymized_account Tak jak pisdzielstwo oÅ›miesza policjantÃ³w , to juÅ¼, nikt, nigdy bardziej nie bÄ™dzie"
23,2,"@anonymized_account A kiedy przestanie wydawaÄ‡ mln na swoich ochroniarzy, tylko zacznie leczyÄ‡ u psychiatry swojÄ… maniÄ™ przeÅ›ladowczÄ…?"
24,2,"@anonymized_account Pierwszy priorytet zadowoliÄ‡ Jarkacza, drugi priorytet ssaÄ‡ kasÄ™ wszystkimi otworami,  majÄ… rozdwojenie jaÅºni"
25,2,@anonymized_account Huj z wami dziennikarzami. PiÅ‚ka noÅ¼na dla kibicÃ³w a nie pseudo dziennikarzy.
26,2,"@anonymized_account @anonymized_account ÅšwiÄ™ta racja, ale zapytaj Jurgiela o notatki, on wie co spierdoliÅ‚. BÄ™dzie Å‚atwiej."
27,2,@anonymized_account raczej ty siÄ™ powinieneÅ› jebnÄ…Ä‡ ale nie wiem czy to pomoÅ¼e
28,2,"@anonymized_account Jak narazie to sobie moÅ¼ecie kupÄ™ zrobiÄ‡. Albo hurtowo daÄ‡ dupy pedofilÃ³w w sutannach, ktÃ³rych publicznie bronicie."
29,1,@anonymized_account @anonymized_account A ty wieÅ› kretynie CONTI jest Acta2 i czego dotyczy? Najpierw przeczytaj a potem siÄ™ wypowiadaj.
30,2,"Nowe chodnikowe powiedzonko brzmi:\n\nPierdolisz jak Morawiecki, realy.\n\n@anonymized_account @anonymized_account \n\nHybryda gÅ‚upoty."
31,1,"@anonymized_account @anonymized_account Ty pajacu, zmieÅ„ sobie herb na pusty Å‚eb."
32,1,"@anonymized_account @anonymized_account @anonymized_account Leszku mÃ³j kochany, masz mÃ³zg wyprany"
33,2,"@anonymized_account Co ty Å¼resz, Å¼e ci tak pierdolnÄ™Å‚o?"
34,2,"WassermannÃ³wna kÅ‚amie, mÃ³wiÄ…c, Å¼e â€przyszÅ‚a do politykiâ€. Ona przyjechaÅ‚a na trumnie ojca."
35,2,jak Patryk Jaki wygra wybory w Warszawie oczyÅ›ci stolicÄ™ z byÅ‚ych UBECKICH funkcjonariuszy ! #woronicza17
36,2,"@anonymized_account Jaki hejt.Hejt to jest na Tuska, Komorowskiego, przecieÅ¼ to nie Polacy, Å›mierÄ‡ wrogom ojczyzny. ObudÅº siÄ™"
37,1,@anonymized_account @anonymized_account Bo sama jest niepeÅ‚nosprawna... UmysÅ‚owo.ğŸ˜ğŸ˜
38,2,"@anonymized_account @anonymized_account Mam rozumieÄ‡, Å¼e to mapa nasycenia krajÃ³w zboczeÅ„cami w sutannach."
39,2,@anonymized_account @anonymized_account PolskÄ™ to kompromitujÄ… tacy jak ty. OszoÅ‚omie.
40,2,@anonymized_account ğŸ˜ğŸ˜ğŸ˜ğŸ˜ğŸ˜ğŸ˜ğŸ˜ğŸ˜ @anonymized_account teraz to mnie Pani ubawiÅ‚a tym paskiem. A widziaÅ‚a Pani swojÄ… szyjÄ™?
41,2,"@anonymized_account @anonymized_account @anonymized_account Ty siÄ™ chyba debilu nie sÅ‚yszysz, ty tekstÃ³w to siÄ™ po nocach uczysz czy masz sÅ‚uchawkÄ™ w uchu?"
42,2,@anonymized_account @anonymized_account Plujecie na PolskÄ™ to my bÄ™dziemy pluÄ‡ na was.
43,1,"@anonymized_account Cie zaraz piznÄ™, jak nie zaczniesz myÅ›leÄ‡"
44,2,@anonymized_account @anonymized_account Ty kurwa @anonymized_account nie pierdol w tv bo sie Å¼ygaÄ‡ chce
45,2,"@anonymized_account A pisdzielstwo, szczury, gady, plazy popromienne, azbestowe?"
46,2,@anonymized_account do domu bo ci rÃ³zga dupÄ™ @anonymized_account ty maÅ‚y  @anonymized_account
47,2,"Teraz zarykam nos i mowie \""caÅ‚a polska z was sie Å›mieje, komuniÅ›ci i zlodzieje,"
48,2,@anonymized_account Plakat widzÄ™ tak @anonymized_account z  @anonymized_account wymiana spojrzeÅ„  a @anonymized_account na kolanach liÅ¼e ich po stopach
49,2,"@anonymized_account Pana zdanie nie interesuje PolakÃ³w â—\nWypchaj siÄ™ Pan niemieckÄ…, Å›mierdzÄ…cÄ… onucÄ… â—"
50,2,@anonymized_account SÅ‚ugo komuny ile jeszcze jadu z Twego pyska siÄ™ wyleje?
51,2,@anonymized_account @anonymized_account Oj GW i N cudowna...wy to macie pojebane w tych glÃ³wkach
52,2,@anonymized_account A chÄ™tnie przeczytam co tam za gÅ‚upoty pierdoli :)
53,1,@anonymized_account Chuju bÄ™dziesz za to odpowiedzialny
54,1,"@anonymized_account @anonymized_account Ty tÄ™pa kobieto, uwaÅ¼aj na iloÅ›Ä‡ kislu."
55,1,"@anonymized_account @anonymized_account @anonymized_account Pis mial byÄ‡ inny, jesteÅ› idiotÄ…"
56,1,"@anonymized_account Widze, Å¼e nawet murzyni sÄ… w fanclubie :)"
57,2,"@anonymized_account @anonymized_account Ten znowu o majÄ…tku Premiera, lepiej napisz, ile w TVP zarobiÅ‚eÅ› i gdzie siÄ™ kasa z OFE POdziaÅ‚a, Lis(?)"
58,2,@anonymized_account @anonymized_account A gÃ³wno mnie obchodzi na co zgadza siÄ™ koÅ›ciÃ³Å‚. Won do Watykanu.
59,2,@anonymized_account Pan @anonymized_account chyba chory z urojeniağŸ˜ğŸ˜ğŸ˜
60,2,@anonymized_account @anonymized_account @anonymized_account Powinni ciÄ™ jajami obrzuciÄ‡ gnoju
61,2,"@anonymized_account Pierdolisz tyle o ojczyÅºnie to jÄ… szanuj, 1200 zÅ‚ na m-c za taksÃ³wki to nie jest szacunek,"
62,1,Ten od kulek gejszy z bÃ³lem dupy @anonymized_account nie jest przypadkiem pÅ‚ynnybpÅ‚ciowo?
63,1,"@anonymized_account Jak na wlasciciela, mi nigdy sam nie padÅ‚, pedancie"
64,1,"@anonymized_account @anonymized_account @anonymized_account Lichocka, Ty gÅ‚upia i stara dupa jesteÅ›. Nikt CiÄ™ nie sÅ‚ucha i nikomu nie chce siÄ™ z TobÄ… gadaÄ‡."
65,2,"Jakubiak w @anonymized_account  stwierdziÅ‚a, Å¼e problemy PiSu sÄ… z powodu przesadzonej krytyki opozycji. PierdolniÄ™ta."
66,2,@anonymized_account @anonymized_account @anonymized_account @anonymized_account I co Å¼e byli tumanie. Zrobili.sobie wyÅ‚Ä…cznie chwilowy lans.
67,2,@anonymized_account Gdzie jest Zalewska??? PrzestÄ™pca i zÅ‚odziej ministrem edukacji. To tylko w pislandii. Ale spoko. Duda w poniedziaÅ‚ek uÅ‚askawi.
68,1,@anonymized_account Z sercem na jednej dÅ‚oni i kutasem w drugiej.
69,2,"@anonymized_account @anonymized_account @anonymized_account Okrzyki nie kibola tylko powiat, ruskich Å¼ydÃ³w, ktÃ³rzy siejÄ… zament w naszej piÄ™knej Polsce"
70,2,"@anonymized_account @anonymized_account MoÅ¼e kiedyÅ› osiÄ…gnÄ…Å‚, ale dzisiaj okazaÅ‚ siÄ™ pospolitym sprzedajnym gnojem."
71,2,@anonymized_account @anonymized_account I np Å¼e moÅ¼e ciÄ™ wyruchaÄ‡ w dupsko ktoÅ› z Krakowa @anonymized_account
72,2,"Codziennie ludzie umieraja, dzieci na raka, w wypadkach, juz po chuj tej Å¼aloby"
73,2,@anonymized_account @anonymized_account KaÅ¼dy jeden klecha zrobi dla kasy wszystko i bez skrupuÅ‚Ã³w.
74,2,"@anonymized_account @anonymized_account Ida do drzewa Å¼ycia poznaÄ‡ prawdÄ™, gÅ‚upie cipy"
75,2,@anonymized_account Patrz  @anonymized_account twoja ekipa debili to robi
76,2,@anonymized_account A zapomniaÅ‚am czerwonej zarazy nie wpuszczajÄ…
77,2,@anonymized_account @anonymized_account @anonymized_account A co za ludÅºmi bez studiÃ³w gnoju?
78,2,@anonymized_account Won z mojego Tarnowa pisowska zÅ‚odziejska hoÅ‚oto.
79,1,"@anonymized_account @anonymized_account @anonymized_account PrzecieÅ¼ tam nie mieszkasz, pomieszkaj,  a bÄ™dziesz mÃ³gÅ‚ szczekaÄ‡"
80,2,@anonymized_account A ja widzÄ™ taki tytuÅ‚: BrudziÅ„ski narkomanem!! ChwaliÅ‚ siÄ™ Å¼e gotuje kompot. Å»Ä…damy dymisji ministra narkomana!!!
81,2,@anonymized_account Potraficie spierdoliÄ‡ najprostszÄ… sprawÄ™. JesteÅ›cie palantami a nie opozycjÄ…. Won z Sejmu.
82,2,"@anonymized_account Niech spierdala. PrzyszedÅ‚ z PiSu i myÅ›laÅ‚ Å¼e siÄ™ na coÅ› zaÅ‚apie, ale siÄ™ nie udaÅ‚o"
83,2,@anonymized_account Tym niepeÅ‚nosprawnym teÅ¼ pisowska gnido?
84,2,Taki kurwa zawsze wylewny a tu @anonymized_account twarz zjeba w lustrze i zapadÅ‚a gÅ‚ucha cisza
85,2,@anonymized_account Urban powinien siÄ™ od was uczyÄ‡. JesteÅ›cie Å¼enujÄ…ce gnojki. AÅ¼ przykro patrzeÄ‡.
86,2,@anonymized_account @anonymized_account Å»aluzje sobie palancie koszulkÄ™ SS i.idz na marsz nazioli.
87,1,@anonymized_account Ty zjebie pierwszy siÄ™ Å›miejesz z wyglÄ…du
88,2,@anonymized_account Polska pijana hoÅ‚ota jest wszÄ™dzie.
89,2,@anonymized_account @anonymized_account celny snajperski strzaÅ‚ w lewackÄ… hoÅ‚otÄ™
90,2,"@anonymized_account @anonymized_account @anonymized_account To nie jest czÅ‚owiek, to pisowskie bydle. CzÅ‚owiek takich rzeczy nie mÃ³wi. @anonymized_account"
91,1,"@anonymized_account @anonymized_account @anonymized_account ale ty debil jesteÅ›, a o Twoich lajkujÄ…cych i dajÄ…cych RT nie wspomnÄ™."
92,2,"@anonymized_account Ale Å¼aden z nich nie przebiera siÄ™ za chuja, Å¼eby podkreÅ›liÄ‡ swojÄ… wÅ‚aÅ›ciwÄ… rolÄ™"
93,1,@anonymized_account @anonymized_account @anonymized_account @anonymized_account smutne jest to Å¼e on wcale nie piÅ‚ tylko po prostu jest imbecylem
94,1,"@anonymized_account a jak bedzie po hiszpansku \""pierdolony symulant\"" ?"
95,1,jest moc jak kurwy zabiorÄ… mi UniÄ™ EuropejskÄ… ja zabiorÄ™ im Å¼ony i dzieci
96,2,"@anonymized_account A  @anonymized_account sprzedaje biznes Å¼eby rzÄ…dziÄ‡, kurwa goÅ›Ä‡ jest chory"
97,2,@anonymized_account @anonymized_account @anonymized_account Tego kretyna obserwuje 150 tyÅ›
98,2,"I chuj mnie obchodzi, wypierdalaÄ‡"
99,2,"Honor, godnoÅ›Ä‡, to jest obce dla pisdzielstwa miliardy kasy i dluga lata rzÄ…dÃ³w a wy dalej gownem smierdzicie"
100,1,"PrzestanÄ™ karmiÄ‡ tego @anonymized_account swoim fejmem, bo tylko puchnie  narodowym gÃ³wnem, jak Å›winia ktÃ³ra wszystko Å¼re"
101,2,@anonymized_account @anonymized_account Wg pisowskiej sprawiedliwoÅ›ci. A kto wam.wierzy bando zÅ‚odziei i oszustÃ³w
102,2,"@anonymized_account Polacy teÅ¼ wiedzÄ…, Å¼e jednym z najwiÄ™kszych debili jest niejaki Ziemkiewicz."
103,1,"@anonymized_account @anonymized_account Jaka tv, tacy idoleğŸ˜ğŸ˜ğŸ˜ A tak trochÄ™ powaÅ¼niej, to za tÄ™ napaÅ›Ä‡ na dziewczynkÄ™ to tylko w ten pedalski ryj."
104,2,@anonymized_account @anonymized_account Smaciarza a nie premiera. ZdradziÅ‚ PolskÄ™ z faszystami
105,1,@anonymized_account @anonymized_account Wiem Å¼e za pochlebstwo zrobisz wszystko
106,1,@anonymized_account @anonymized_account @anonymized_account Jakbym byÅ‚ Twoim odbiciem to bym juÅ¼ dawno skoczyÅ‚ z wysokiego mostu.
107,1,"@anonymized_account MoÅ¼e suko to komplement, goÅ›Ä‡ jest gejem"
108,2,@anonymized_account @anonymized_account @anonymized_account Wypad z mojego miasta kÅ‚amco i oszuÅ›cie.
109,2,@anonymized_account PrzyjechaÅ‚eÅ› pajacu wyprowadziÄ‡ kolejne miliony za granicÄ™?
110,2,@anonymized_account Ta menda Rydzyk nie chcial z nim gadaÄ‡ postrzegam na wielki plus
111,2,"@anonymized_account @anonymized_account @anonymized_account Dzieci trzeba ostrzec, Å¼e przez niego KoÅ›cielisko pedofile wciÄ…Å¼ majÄ… siÄ™ dobrze."
112,2,"@anonymized_account Bo to byÅ‚ taki zwykÅ‚y, historyczny kutas a nie porzÄ…dny prezes banku."
113,2,"@anonymized_account Wal siÄ™, mu chcemy do sejmu."
114,1,@anonymized_account Twoje to antysemickie i kurwa antypolskie
115,1,@anonymized_account On siÄ™ nie czepi swojej baby tylko pÃ³jdzie do filharmonii podglÄ…daÄ‡ krocze dyrygentki
116,2,"#sÅ‚owoNaNiedzielÄ™ \nZaprawdÄ™ powiadam Wam,aby wykastrowaÄ‡ ksiÄ™dza,trzeba ministranta w podbrÃ³dek kopnÄ…Ä‡.\nAmen."
117,2,"@anonymized_account @anonymized_account Ale ten goÅ›Ä‡ wchodziÅ‚ jej w cyce i go popchnÄ™Å‚a, a liÅ›cia Å‚adnie przyjÄ™Å‚a, takÅ¼e pisdzielstwo zawsze na dnie"
118,2,"@anonymized_account @anonymized_account A mnie wkurwia, Å¼e dajÄ… bogatym 300+, 500+, a dla nich nie ma mimo Å¼e kurwy pisowskiej im to obiecaÅ‚y"
119,1,"@anonymized_account Åatwo oceniaÄ‡, Å›wiadczy o twoim niedojebaniu umysÅ‚owym, Kto mieczem wojuje, ten od pochwy ginie"
120,2,@anonymized_account Kiedy ten patologiczny kÅ‚amca skoÅ„czy wreszcie opluwaÄ‡ PolakÃ³w i PolskÄ™ czy niema paragrafu na tÄ™ hienÄ™?
121,2,"KoÅ›ciÃ³Å‚ =kara jestem pogrzeb, albo wesele, cierpiÄ™ strasznie, w nic nie wierzÄ™ co mÃ³wi kutas z ambony"
122,2,@anonymized_account Tobie muszÄ… nieÅºle pÅ‚aciÄ‡ za to gÃ³wno pomyj.Nikt normalny dzieÅ„ w dzieÅ„ by nie daÅ‚ rady .
123,1,"@anonymized_account @anonymized_account PojebaÅ‚o ciÄ™, normalna rodzina katolicka, pytam"
124,2,"Gen Jaruzelski jast taki Å›wierzy, a KaczyÅ„ski taki Å›mierdzÄ…cy"
125,1,"@anonymized_account MoÅ¼e go ktÃ³ryÅ› przeruchal w dzieciÅ„stwie i mu siÄ™ spodobaÅ‚o, to ich broni"
126,1,@anonymized_account @anonymized_account Tajna grupa na FB? ZmieÅ„cie dealera albo przestaÅ„cie Ä‡paÄ‡.
127,1,"@anonymized_account @anonymized_account Tobie matole nikt nie odpisze, bo nikt ciÄ™ nie oglÄ…da."
128,2,"@anonymized_account Ten pÅ‚aczliwy histeryk, parodii prokuratora, rozemocjonowany idiota"
129,2,Ten zakompleksiony zamordysta w jednym z programÃ³w @anonymized_account oÅ›mieszyÅ‚ tÄ… dziennikarskÄ… hienÄ™
130,1,@anonymized_account Czekamy na zdjÄ™cia z mocy poÅ›lubnej. Jprdl!!ğŸ˜ğŸ˜ğŸ˜ğŸ˜ğŸ˜
131,1,Podobno Å›lina Krystyny PawÅ‚owicz ma byÄ‡ przechowywana w Åšwiatowym Banku Nasion w Svalbard.\nJak wzÃ³r genetyczny czystego chama.
132,1,@anonymized_account @anonymized_account @anonymized_account Do mojej matki i ojca to sie nawet nie zbliÅ¼aj pisowski pomiocie.
133,2,@anonymized_account @anonymized_account ProszÄ™ o dowody na wyprzedaÅ¼ ziemi motoryczny kÅ‚amco.
134,2,@anonymized_account @anonymized_account @anonymized_account Za co ty kasÄ™ bierzesz zaÅ‚gana kobieto? To twoja robota a nie opozycji.
135,2,Banda trojga MisiÅ‚o Kropiwnicki i Struzik Å¼ywy obraz III RP  czyli koryto zÅ‚odziejstwo oraz kolaboracja  #Woronicza17
136,2,"@anonymized_account Im starszy tym bardziej inteligentny inaczej. A wydawaÅ‚oby siÄ™, Å¼e niÅ¼ej upaÅ›Ä‡ siÄ™ nie da."
137,2,"@anonymized_account Zamknij niemiecki ryj,siedÅº w tej Brukseli i nie wracaj zÅ‚odzieju!ğŸ˜¬ğŸ˜¬ğŸ˜¬"
138,2,"@anonymized_account Pani jest naprawdÄ™ inteligentna inaczej. I pomyÅ›leÄ‡, Å¼e z moich podatkÃ³w dostaje pani kasÄ™...."
139,2,"@anonymized_account @anonymized_account Caly czas sra tt, chyba ma sraczkÄ™"
140,1,"@anonymized_account @anonymized_account Tacy waleczni, patriotyczne dusze, atrament jak krew przelana, a to wszystko komuchy"
141,1,@anonymized_account WyglÄ…da jakby karmiÅ‚a dziecko niepeÅ‚nosprawne
142,1,Elo @anonymized_account ty zjebie w dupÄ™ Å¼e wsadÅº te ff
143,1,@anonymized_account WÅ‚aziÅ‚eÅ› panu KaczyÅ„skiemu w dupÄ™ jak byÅ‚eÅ› w koalicji !! Falszywcu.
144,2,ZbojkotowaÄ‡ Mundial w tym dzikim kraju. To tak jak byÅ›my jechali graÄ‡ w piÅ‚kÄ™ w tz. paÅ„stwie islamskim.
145,1,"@anonymized_account @anonymized_account Dzikusie pamiÄ™taj godnoÅ›Ä‡, patriotyzm, historia, cnotliwoÅ›Ä‡ degeneracie jeden"
146,1,@anonymized_account @anonymized_account ZmieÅ„ berecik bo ten juÅ¼ zryty
147,2,"Wstyd, taka godnoÅ›Ä‡ jak w wydaniu @anonymized_account nawet mi urÄ…ga. Czuje ze zgnoil prezydenta debil prezydent. JuÅ¼ nic gorszego"
148,1,asocjacja intymna z ksiÄ™dzem Rydzykiem
149,2,@anonymized_account @anonymized_account @anonymized_account I nastÄ™pny Å‚Å¼e jak bura suka
150,2,"PodsumowujÄ…c:\nObciach mierzymy w gmyzach, a \na poziom utraty kontroli, w kukizach."
151,2,"@anonymized_account bezideowa partia wÅ‚adzy, szmalu, nepotyzmu"
152,2,"@anonymized_account PiS to komuniÅ›ci wspierajÄ…cy nazistÃ³w, ONR to naziÅ›ci wspierajÄ…cy komunistÃ³w."
153,2,@anonymized_account @anonymized_account Komu? Z fanami naziolami i krzywoprzysiÄ™zcÄ… nie Å›wiÄ™tujÄ™.
154,2,@anonymized_account Z pani taki polityk i prawnik jak z pani mÄ™Å¼a ksiÄ™gowy.
155,2,"@anonymized_account CzoÅ‚o z fastykÄ…, nie musisz rysowaÄ‡"
156,2,@anonymized_account @anonymized_account I kupowaniem gÅ‚osÃ³w za paÅ„stwowe pieniÄ…dze
157,1,@anonymized_account @anonymized_account Widze Å¼e boli dupa.To ciekawe co na rugby staÅ‚oby siÄ™ z gdaÅ„skimi panienkami ?
158,1,@anonymized_account @anonymized_account tobie juÅ¼ od tej wazeliny mÃ³zg faÅ‚dy traci. Zaczynasz osiagaÄ‡ IQ na poziomie temperatury wÅ‚asnego ciaÅ‚a.
159,2,@anonymized_account @anonymized_account @anonymized_account Idz mu zrÃ³b loda adoratorze
160,1,"@anonymized_account Kurwa ale to zjeb, publicznie siÄ™ chwali Å¼e chodziÅ‚ do burdelu za swoje pieniÄ…dze, i miesza w to zonÄ™"
161,2,"@anonymized_account komunistycznym Å¼ydom pomagaÄ‡, pisdzielstwu na Å‚eb coÅ› padÅ‚o"
162,2,"@anonymized_account @anonymized_account Zapytaj siÄ™ klechÃ³w, oni majÄ… na sumieniu kilkadziesiÄ…t milionÃ³w."
163,2,"@anonymized_account Ty Å¼Ã³Å‚ty cwieku, yntelygent. Guardian napisaÅ‚ coÅ› o przygÅ‚upie z Uralu?"
164,2,@anonymized_account @anonymized_account @anonymized_account Tego debila obserwuje 150 tyÅ› @anonymized_account
165,2,"@anonymized_account @anonymized_account Kornel to sobie moÅ¼e synka w dupÄ™ klepnaÄ‡, jego opinie jest dokÅ‚adnie tyle warta, spaÄ‡ panie Kornel"
166,2,"@anonymized_account @anonymized_account A ja usunÄ…Å‚em ciÄ…Å¼Ä™, ty gÅ‚upku"
167,2,@anonymized_account JuÅ¼ nie mogÄ™ doczekaÄ‡ siÄ™ wyborÃ³w. Takich pÃ³Å‚gÅ‚Ã³wkÃ³w jak w nowoÅ›miesznej to Å›wiat jeszcze nie oglÄ…daÅ‚.
168,1,"@anonymized_account @anonymized_account @anonymized_account I siÄ™ schowam, pisz debilu"
169,2,"@anonymized_account @anonymized_account OlaÅ‚eÅ› ludzi po raz kolejny. KrzywoprzysiÄ™zca, oszust i kÅ‚amca - z takimi ludÅºmi siÄ™ nie spotykam."
170,1,@anonymized_account @anonymized_account Sam jesteÅ› szmaciarz pisowski katoliku.
171,2,@anonymized_account @anonymized_account Super sposÃ³b na przypomnienie o sobie - zrobiÄ‡ z siebie debila. W tym @anonymized_account zawsze byÅ‚ trudny do pokonania.
172,1,"@anonymized_account W chorej gÅ‚owie, chore tt, idÅº do burdelu maly faszysto"
173,2,@anonymized_account @anonymized_account @anonymized_account Niestety wiÄ™kszoÅ›Ä‡ z nich ma tylko jeden zwÃ³j wiÄ™cej niÅ¼ kura.
174,2,@anonymized_account Kurwa  caÅ‚y tt Å›mierdzi przez ciebie
175,2,@anonymized_account @anonymized_account @anonymized_account Powtarzasz siÄ™. To Å›wiadczy o niskim poziomie inteligencji. Takie IQ na poziomie temperatury ciaÅ‚a.
176,1,@anonymized_account WÅ›ciekÅ‚a cwelica kaczorzyca karakanica jadowita
177,1,@anonymized_account To czÅ‚owiek o mentalnosci alfonsa jakby powiedziaÅ‚ W.GomÃ³Å‚ka. I tu trafiÅ‚ by w punkt.
178,1,@anonymized_account @anonymized_account @anonymized_account A 8 lat temu to @anonymized_account na kupkÄ™ papu nie mÃ³wiÅ‚?
179,2,@anonymized_account @anonymized_account @anonymized_account @anonymized_account CzeÅ›Ä‡ Mazurek. Znowu robisz za dyÅ¼urnÄ… idiotkÄ™ prezesa?
180,2,"@anonymized_account JakieÅ› zjebanie, nienawistni chuje broniÄ… dostÄ™pu do przybytku miÅ‚oÅ›ci"
181,2,@anonymized_account No geniusz z IQ na poziomie temperatury ciaÅ‚a
182,2,Jak sÅ‚ucham posÅ‚a Swiecickiego to to znÃ³w zapytam naprawdÄ™ taki tÄ™py  czy tylko udaje idiotÄ™
183,2,@anonymized_account OdpadleÅ› bo masz mentalnoÅ›Ä‡ sÅ‚uÅ¼ebnÄ…
184,2,"Hej TVN, bÄ™dzie drugi sezon\n\""Urodzin Hitlera\""?\nZa 30 tys. moÅ¼na by doÅ‚oÅ¼yÄ‡ jakiego ksiÄ™dza pedofila.\n#pytamboniewiem"
185,2,@anonymized_account A GÃ³rski opowiedziaÅ‚ moÅ¼e o wraÅ¼eniach jak to jest byÄ‡ kobietÄ… na boisku ?
186,1,@anonymized_account @anonymized_account Bo jesteÅ› tak jebniÄ™ty jak @anonymized_account
187,2,@anonymized_account @anonymized_account DopÃ³ki tego nie udowodnisz pajacu jesteÅ› oszczerca i manipulantem.
188,2,@anonymized_account @anonymized_account @anonymized_account @anonymized_account @anonymized_account @anonymized_account @anonymized_account @anonymized_account Jaki ty kurwa debil jesteÅ›\n...
189,1,"Sabrino, tÄ™pa kurwo, miaÅ‚aÅ› iÅ›Ä‡ do lasu a nie sadu XDDD"
190,2,@anonymized_account @anonymized_account @anonymized_account Kim jest Pandera jak nie wydmuszka wydmuszki @anonymized_account ktory jest wydymkÄ… I sekretarza
191,2,"@anonymized_account @anonymized_account @anonymized_account KoÅ„, ktÃ³ry mÃ³wi. I jeszcze Å‚Å¼e jak bura suka."
192,2,@anonymized_account WeÅº bocie spierdalaj z mojego tajmlajnu
193,2,@anonymized_account Polska to nie ty patafianie. Btw rosyjski rzÄ…d ma takie samo poparcie jak wÄ™gierski.
194,2,@anonymized_account MW obroÅ„cami pedofili w sutannach. Moje gratulacje.
195,2,@anonymized_account @anonymized_account @anonymized_account Kobieto twoja aktywnoÅ›Ä‡ polega wyÅ‚Ä…cznie na braniu kasy podatnikÃ³w. W tym jesteÅ› nie do pokonania.
196,2,Nie ma w PiS wojownikÃ³w? Tylko same cipy? No juÅ¼ patrzeÄ‡ na to nie moÅ¼na#Kropka nad i MO
197,2,@anonymized_account Ale kamieniczkÄ™ chuj przytuliÅ‚ po miastowemu?
198,2,@anonymized_account O czy bredzisz idiotko! Przypisujesz innym wÅ‚asne zaprzaÅ„stwo? WizytÃ³wka maÅ‚oÅ›ci...
199,2,"@anonymized_account @anonymized_account podejrzewam  LSD i  gdzieÅ› schowaleÅ›, a te zjeby policaje nie zauwaÅ¼yÅ‚y Å¼e masz fazkÄ™"
200,2,"Nie majÄ…ca koÅ„ca pazernoÅ›Ä‡ obecnej wÅ‚adzy, nagrody, premie, karty, to Å¼e wszyscy sÄ… komunistami oprÃ³cz Piotrowicza"
201,2,"@anonymized_account @anonymized_account Å»ycie PiS  zdechnie ostatecznie, Å›mierciÄ… naturalnÄ…"
202,2,"@anonymized_account @anonymized_account @anonymized_account Czubek to jesteÅ› ty, razem ze Zbysiem Zero i Jarkiem od kotÃ³w."
203,2,"@anonymized_account Nie cpaj marszu, mÃ³zg siÄ™ gotuje od wraÅ¼eÅ„"
204,2,"@anonymized_account Musi byÄ‡ pierwszy w okopie, nie straszne mu bombardowania, zuch"
205,2,@anonymized_account @anonymized_account I bardzo dobrze. W niedzielÄ™ tylko kruchta a nie zakupy. A pracownicy? Wypad na bruk i modliÄ‡ siÄ™.
206,2,@anonymized_account Kamila zrujnowaliscie razem z mafiÄ… PO dobre imiÄ™ Polski. Koryto nie wrÃ³ciâ˜â˜â˜â˜
207,2,@anonymized_account Jebie nacjonalizmem na caÅ‚y tt
208,1,"@anonymized_account @anonymized_account A my mÃ³wimy @anonymized_account i tej jakieÅ› tam tak po prostu,po staropolsku: wypierdalaÄ‡ z naszego kraju!"
209,2,@anonymized_account To chyba bardziej @anonymized_account srales nie pisz
210,2,@anonymized_account @anonymized_account jak tam dupeczki? BÄ™dÄ… wieczorem tak jak wczoraj?
211,2,@anonymized_account w pampersach to ty teraz chodzisz i kaÅ¼dy to widzi Å¼e masz peÅ‚no w gaciach
212,1,@anonymized_account Kiedy swastyka w profilowym maÅ‚y zboczeÅ„cu
213,1,@anonymized_account @anonymized_account Ale ty jesteÅ› zakÅ‚amany skurwysyn
214,2,"@anonymized_account Pierdzenie z rana Pani Kamilo, myÅ›laÅ‚em ze kobiety nie puszczajÄ… bÄ…kÃ³w, poparcia wam to nie przyniesie na waszym Titanicu."
215,1,"@anonymized_account Ty kutasie, a ty masz rozum? O urodÄ™ nie zapytam Å¼eby ciÄ™ nie niszczyÄ‡. I ty siÄ™ nazywasz dziennikarzem?"
216,1,"@anonymized_account @anonymized_account @anonymized_account Zamknij japÄ™, bo tyle zlego co kaczystan zrobiÅ‚, nasze prawnuki bede naprawiaÄ‡"
217,2,@anonymized_account @anonymized_account Budowa patriotyzmu poprzez faÅ‚szowanie historii. Ty zakÅ‚amany skurwysynie.
218,2,"Ahaha, pojebanie mÃ³zgowe tego jebniÄ™tego narodu \""godnoÅ›Ä‡ PolakÃ³w\"" i 500+, zrobiÅ‚o z nas szmaty"
219,2,"@anonymized_account #PiSkomuna - kurwa, zdzira!\nChciwie w kieszeÅ„ Ci spozira\nI wyciÄ…ga z niej dukaty. \nChce tu MoskwÄ™ mieÄ‡. Na raty"
220,2,"Jak siÄ™ nazywa poseÅ‚, ktÃ³ry baÅ‚amuci kobiety na miesiecznicach?\nChwaliPiÄ™ta."
221,1,"@anonymized_account @anonymized_account Ty sieroto po komunie, do niczego nie doszedÅ‚eÅ› w swoim Å¼yciu i teraz Å¼al dupÄ™ Å›ciska."
222,1,"@anonymized_account @anonymized_account Czas pokaÅ¼e kto jest kim, mÄ…cicielu, szkodniku, haha do gazu haha"
223,1,"@anonymized_account WszÄ™dzie widzi komunistÃ³w, chyba tatuÅ› zrobiÅ‚ mu krzywdÄ™"
224,1,WeÅº mnie nie wkurwiajÄ… gnoju
225,2,"Heeeheee, prawda to, 100 %, ruskie dziwki @anonymized_account @anonymized_account pewne na 100%"
226,2,"@anonymized_account PrzecieÅ¼ te zjeby chyba wiedza Å¼e tvn 24 nadaje tylko w platnej. Tacy wrogowie, szczyj na nich"
227,2,"Co teraz zrobi szalona ekipa endekÃ³w @anonymized_account @anonymized_account i reszta @anonymized_account to scierwa, zdrajcy, szubienica, bereza?"
228,2,@anonymized_account JuÅ¼ ci siÄ™ troi w oczach. CoÅ› ty Ä‡paÅ‚?
229,2,"@anonymized_account Do roboty, a nie Å‚aziÄ‡ po ulicy z nietrzeÅºwymi KODowcami. Piwko im smakuje, palce lizaÄ‡."
230,2,@anonymized_account @anonymized_account Twarz? Z TobÄ… zyskuje mordÄ™ i to takÄ… zapyziaÅ‚Ä….
231,2,@anonymized_account @anonymized_account Bo tu tÄ™py pajac jesteÅ› to nie umiesz.
232,2,"@anonymized_account A wiesz co to znaczy awaria debilu? Aha, nie wiesz boÅ› ty z PiSu."
233,1,Biedny Mateo @anonymized_account wydupczony przez starego dziadzia  @anonymized_account
234,2,"Podobno @anonymized_account jest tak biedna, Å¼e @anonymized_account Å¼yruje kredyt na makaron"
235,1,"@anonymized_account Facet, to ty i twoi koledzy w kieckach jesteÅ›cie jednÄ… wielkÄ… dewiacjÄ…."
236,2,@anonymized_account @anonymized_account @anonymized_account To nie ludzie tylko debile. Super pomysÅ‚.
237,2,@anonymized_account Tobie za te chujowe wpisy
238,2,@anonymized_account Prawdziwi Polacy powinni siÄ™ spakowaÄ‡ i wrÃ³ciÄ‡. Nie moÅ¼e im nadzwyczajna kasta w Irlandii rzÄ…dziÄ‡ jak Å¼yÄ‡ majÄ….
239,2,@anonymized_account @anonymized_account Twitter jest bez ciebie jak Å›wiadek Jehowy szarpiÄ…cy klamkÄ™
240,2,"@anonymized_account Nic o Å»ydach w kontekÅ›cie jajka, pozdrawiam yntylygenta rydzykowo-pisbolszewickiego"
241,2,"Å»olnierz Å¼olnierza w dupÄ™ nawet tego wyklÄ™tego, ja jebiÄ™, chory kraj"
242,1,@anonymized_account Ty zdrajco von z Polski natychmiast wywaliÄ‡ do Berlina i Putina zakalo Polski
243,2,"@anonymized_account @anonymized_account To nie sankcje, po prostu DudÄ™ w dupie majÄ…."
244,1,@anonymized_account Beata nie pamiÄ™ci do dat. Pewnie nie wie kiedy jej siÄ™ dzieci urodziÅ‚y. MoÅ¼e nawet nie wie ile ma lat
245,2,@anonymized_account @anonymized_account @anonymized_account @anonymized_account Powinni jej w pysk napluÄ‡ za dewastacjÄ™ systemu oÅ›wiaty.
246,1,@anonymized_account Kurwa wali konia do ty pieniedzy @anonymized_account ?
247,2,Takiej parti  jak @anonymized_account ktore choduje takie patologie @anonymized_account to smierÄ‡ rozumu
248,1,"Wiem Å¼e jesteÅ› pÅ‚ynny pÅ‚ciowo @anonymized_account mi powiedzial, potwierdziÅ‚ @anonymized_account"
249,2,"@anonymized_account @anonymized_account ProszÄ™ o cytat z wypowiedzi przedstawiciela WH, ktÃ³ry to potwierdza. ÅÅ¼esz jak bura suka manipulancie."
250,1,@anonymized_account @anonymized_account  W nawoÅ‚uje do rozruchÃ³wğŸ˜ğŸ˜ğŸ˜
251,2,@anonymized_account @anonymized_account @anonymized_account Ty sieroto po komunie. PisaÄ‡ moÅ¼esz dowoli
252,2,"@anonymized_account @anonymized_account Szacunku dla tych bogoojczyÅºnianych zjebÃ³w,vperfekcyjnych w dojeniu paÅ„stwa"
253,2,"@anonymized_account Jak kaÅ¼da sprzedajna kurew. Zaczyna jak jÄ… alfons wyszuka i pracuje dotÄ…d, aÅ¼ bÄ™dÄ… na niÄ… klienci."
254,2,@anonymized_account @anonymized_account @anonymized_account wypad gnido z mojego miasta.
255,1,"@anonymized_account @anonymized_account @anonymized_account A ty zapytaj kochanke Kurskiego, zonÄ™ Ziobry i sekretarkÄ™ i kierowcÄ™ Jarkacza"
256,2,@anonymized_account @anonymized_account Lecz siÄ™ kobieto na nogi bo na gÅ‚owÄ™ juÅ¼ zbyt pÃ³Åºno
257,1,"Zamkinij swoje ludzkie ego @anonymized_account bo szkodzisz pisdzielstwu, za maÅ‚o dzielisz, morda w kubeÅ‚ i pis roÅ›nie"
258,1,"@anonymized_account Na miejscu protestujÄ…cych, przed tymi kamerami napluÅ‚ bym mu w pysk i wywaliÅ‚ stamtÄ…d na butach"
259,2,@anonymized_account WolÄ™ takiego agenta jak @anonymized_account  niÅ¼ takiego chuja jak @anonymized_account
260,1,@anonymized_account MoÅ¼e opublikuje Pani listÄ™. BÄ™dzie wiadomo komu dostarczyÄ‡ dodatkowy zapas wazeliny.
261,1,"@anonymized_account @anonymized_account A ty jesteÅ› ruskim trollem,vice versa debilu"
262,2,"@anonymized_account @anonymized_account Kobieto, wypad do siebie na wieÅ›. Tam moÅ¼esz drzeÄ‡ mordÄ™ do woli. #zlodziejezpisu"
263,2,"@anonymized_account @anonymized_account @anonymized_account Tusk ma ojca ss mana, nie bÃ³j"
264,2,"@anonymized_account @anonymized_account @anonymized_account Jasne, i PiSowski aktyw moÅ¼e sobie wÅ‚aziÄ‡ nawzajem w dupÄ™ bez przeszkÃ³d."
265,2,"@anonymized_account Wodospad chujni, prostacki populizm, reÅ¼imowe media, poczucie oblÄ™Å¼enia, inwazja psychopolactwa"
266,1,@anonymized_account Zdechniech w mÄ™czarniach na raka trzustki
267,2,"My Polacy Gowiny Ziobraki Sadurskie informujemy  Å›mieciaki, do pierwszego 20 tyÅ› to maÅ‚o, pokora polaki-Å›mieciaki dzieliÄ‡ na 12 Å›mieciaki"
268,2,@anonymized_account @anonymized_account Wypad kÅ‚amco i oszuÅ›cie z mojego miasta
269,2,@anonymized_account Twoje zachowanie i POglÄ…dy majÄ… wiele wspÃ³lnego z komuchami.
270,2,@anonymized_account I jebnij  swastykÄ™ na ryju
271,2,"@anonymized_account @anonymized_account Nikt jej nie potrafi powiedzieÄ‡, Å¼e dziennikarz to nie baba na rynku co handluje miÄ™sem i drze ryja?"
272,2,@anonymized_account @anonymized_account @anonymized_account @anonymized_account @anonymized_account @anonymized_account Jak moÅ¼na takie bydÅ‚o nazywaÄ‡ panami i paniami....
273,1,"@anonymized_account @anonymized_account A ja mam wraÅ¼enie Å¼e to twÃ³j mÃ³zg. Taki gÅ‚adki, nieskaÅ¼ony myÅ›leniem."
274,2,"@anonymized_account @anonymized_account DokÅ‚adnie tak bÄ™dzie. I to wcale nie przez to, Å¼e PiS taki sprawny a dlatego, Å¼e Polacy to debile."
275,2,@anonymized_account Napewno siÄ™ nie damy. Å»aden stary Ä‡pun i alkoholik juÅ¼ nigdy wiÄ™cej nie wprowadzi stada bezmÃ³zgiej choÅ‚oty do sejmu.
276,1,@anonymized_account @anonymized_account @anonymized_account twoja stara ma konto w powerbanku
277,2,@anonymized_account Dawniej byli TW SB a teraz TW PiS.
278,1,@anonymized_account Debil czy tylko udaje debila?
279,2,@anonymized_account RÄ™ce precz od Polski szwabie
280,2,@anonymized_account @anonymized_account A ci co nie gÅ‚osowali? Wszyscy jesteÅ›cie pieprzonymi gnojami.
281,2,"@anonymized_account Czemu @anonymized_account a nie Pani, kompetencje, elekwÄ™tnoÅ›Ä‡, nie dziaÅ‚a w pzu a nie praca za grosze? xd"
282,2,@anonymized_account Hehehehehe!!!!!!!!@anonymized_account Rozumu wam nie zabiorÄ… bo go NIE MACIE matoÅ‚y!!!!!!
283,2,"@anonymized_account @anonymized_account Takie teksty to dla waszych pisofanÃ³w. Wy myÅ›licie, Å¼e jak wasi wyborcy to debile to reszta teÅ¼?"
284,2,"@anonymized_account Nie ma co byÄ‡ zawiedzionym. Pora zdaÄ‡ sobie sprawe, Å¼e jesteÅ›cie zbieraninÄ… palantÃ³w nie nadajÄ…cych siÄ™ do niczego."
285,1,Jedyne co mi na myÅ›l przychodzi na okreÅ›lenie mentalnoÅ›ci prof.Matczaka to mentalnoÅ›Ä‡ Alfonsa #Minela20
286,2,"@anonymized_account WyobraÅº sobie, Å¼e bÄ™dzie jeszcze lepiej.\nTylko proszÄ™ zabraÄ‡ od Naszej Ojczyzny swoje \""lepkie\"" Å‚apki."
287,2,"Jezus kocha pedofili, nekrofili a nawet @anonymized_account"
288,1,@anonymized_account Gdyby nie byÅ‚ takim zjebem narzucajacym innym swÃ³j obraz rodziny
289,2,@anonymized_account @anonymized_account rydzykowo-pisbolszewicki ultras kreujÄ…cy siÄ™ na Wallenroda a tak tak naprawdÄ™ najgorsze szambo
290,2,@anonymized_account Taki sam niemiecki baran ja tyğŸ˜†ğŸ˜†ğŸ˜†
291,2,"@anonymized_account @anonymized_account ZIOBRO MA KORZENIE KOMUNISTECZNE, KOGO TEN APARATCZYK"
292,2,@anonymized_account @anonymized_account @anonymized_account KtÃ³ry raz to mÃ³wisz pajacu? Powtarzasz to przy kaÅ¼dych wyborach samorzadowych
293,2,"@anonymized_account Przedstawiciele normalnego, wolnego Å›wiata ma ciÄ™ gÅ‚Ä™boko w dupie. Wstyd i Å¼enada."
294,2,Bardzo dobrze mi sie Å¼yje jako polski Å¼yd z ukrainy nie ma w Polsce antysemityzmu z wyjÄ…tkiem @anonymized_account
295,2,"@anonymized_account Wczoraj walczyÅ‚ z bolszewikami dziÅ› ich kocha,"
296,2,"@anonymized_account JesteÅ› na urlopie, czy dalej doisz paÅ„stwo na propagandÄ™ PiSu?"
297,1,Pepe is an enormous dick.
298,2,"@anonymized_account Widze, Å¼e jebie w gÅ‚Ã³wkÄ™ mocniej i mocniej..."
299,2,@anonymized_account @anonymized_account @anonymized_account @anonymized_account co ma mÃ³wiÄ‡ karakan i tak  ma peÅ‚nego pampersa
300,2,@anonymized_account Duda pÃ³jdzie z banerem o biaÅ‚ej sile a Morawiecki z flagÄ… ONRu. BÅ‚aszczak i Jojo po jednej racy w dupie.
301,2,@anonymized_account @anonymized_account @anonymized_account @anonymized_account @anonymized_account ZmieÅ„ dealera i portrecik nad Å‚Ã³Å¼kiem zmieÅ„ z Prezesa na kogoÅ› innego.
302,2,"@anonymized_account @anonymized_account @anonymized_account Åadnie tak obraÅ¼aÄ‡ podatnikÃ³w, ktÃ³rzy pÅ‚acÄ… za twoje pobory i nagrody, pisowski kutasie?"
303,1,@anonymized_account Chuj CiÄ™ to obchodzi! :)
304,2,"@anonymized_account Szmata ludzka, gdzie swastyka na ryju"
305,2,Zdrajca i faszysta Tusk szuka miÄ™dzy nami Polakami bolszewikÃ³w.Jebana menda.
306,1,@anonymized_account @anonymized_account WÅ›ciekÅ‚a cwelica kaczorzyca karakanica jadowita moze mi naskoczyÄ‡
307,2,@anonymized_account @anonymized_account @anonymized_account @anonymized_account @anonymized_account Tak siÄ™ zastanawiam kto tu komu bardziej w dupÄ™ wchodzi...
308,2,@anonymized_account @anonymized_account @anonymized_account RachoÅ„ idioto popatrz w lustro i zapytaj tego drugiego skÄ…d siÄ™ taki debil wziÄ…Å‚ jak ty.
309,2,PZPR - PÅ‚atni Zdrajcy i PachoÅ‚ki Rosji ! #woronicza17
310,2,@anonymized_account DOBRA WIADOMOÅšÄ† DLA L EWACTWA I DLA CIEBIE LISKU PISIORY  44  %  TOTALNI DEBILE 14  %  SUPER!!!!!!
311,1,"@anonymized_account Ja rozumiem, Å¼e moÅ¼na byÄ‡ religijnym. Ale dlaczego koniecznie przy tym trzeba byÄ‡ pierdolniÄ™tym?"
312,2,@anonymized_account Wypierdal..Ä‡ - to tobie juÅ¼ dwie Å¼ony powiedziaÅ‚y. A rudy zdrajca to co najwyÅ¼ej moÅ¼e prosiÄ‡ o najniÅ¼szy wymiar kary.
313,2,"@anonymized_account Najebany uÅ‚an za kierownicÄ… i w drogÄ™, a innych poucza"
314,1,"Jak mylisz think z thing to ja kurwa nie wiem o czym ty myÅ›lisz, chyba wcale"
315,2,@anonymized_account @anonymized_account GÅ‚upi jesteÅ›. Czytaj ze zrozumieniem i nie rÃ³b z siebie debila. No chyba Å¼e juÅ¼ za pÃ³Åºno.
316,1,@anonymized_account O kurwa ale jesteÅ› gÅ‚upi
317,2,Gdzie jest maÅ‚y faszystowski gnom @anonymized_account
318,2,Beata wystarczy nie kraÅ›Ä‡ miaÅ‚a intymnÄ… relacjÄ™  z ksiÄ™dzem Rydzykiem
319,2,"@anonymized_account @anonymized_account @anonymized_account Dla koÅ›cioÅ‚a waÅ¼ne jest aby \""Å›wiadomoÅ›Ä‡\"" wyznawcÃ³w byÅ‚a jak najniÅ¼sza. MÄ…drymi nie da.sie manipulowaÄ‡."
320,2,@anonymized_account @anonymized_account @anonymized_account KÅ‚amstwo kÅ‚amstwem pogania. Nic innego tylko Å‚garstwa i ciÄ…gle Å‚amanie prawa.
321,2,"@anonymized_account OglÄ…dalnoÅ›Ä‡ roÅ›nie , drugi Lis nam roÅ›nie, oj ty zjebie"
322,2,"@anonymized_account FaszyzujÄ…cy ultrasie, jak tam sprawa z koronÄ…?"
323,2,"@anonymized_account @anonymized_account @anonymized_account MosiÅ„ski, nie kaÅ¼dy jest takim debilem jak ty. WiÄ™kszoÅ›Ä‡ rozumie to co powiedziaÅ‚ @anonymized_account"
324,2,"@anonymized_account Ty parchu, jeszcze to odszczekasz parchu"
325,2,"@anonymized_account @anonymized_account @anonymized_account Ty pieprzony kÅ‚amco, takie teksty to moherom u Rydzyka."
326,2,@anonymized_account @anonymized_account @anonymized_account To byÅ‚ marsz haÅ„by. Duda i Morawiecki przewodniczyli neofaszystom i wplÄ…tali w to wojsko.
327,1,"@anonymized_account ChÅ‚opie, odpocznij. A moÅ¼e masz niedotleniony mÃ³zg bo Ci napletek skronie zbyt mocno uciska?"
328,2,@anonymized_account @anonymized_account @anonymized_account SzczegÃ³lnie moÅ¼emy byÄ‡ dumni z idioty prezydenta uzaleÅ¼nionego od starego frustrata z kotem.
329,2,@anonymized_account To musi byÄ‡ miÅ‚o utopiÄ‡ siÄ™ we wÅ‚asnej wazelinie.
330,2,Gdzie jesteÅ› Polska @anonymized_account @anonymized_account @anonymized_account ? Wasz poziom to poziom szamba
331,2,@anonymized_account @anonymized_account Morawieckiego Å‚Å¼esz jak bura suka
332,2,@anonymized_account Tomek ty i analizy? Ty i wnioski? ChÅ‚opie nie wiem co ty bierzesz ale zmnieksz dawkÄ™ o poÅ‚owÄ™...
333,1,@anonymized_account @anonymized_account @anonymized_account PowinieneÅ› siÄ™ cieszyÄ‡. Przynajmniej darmowej paszy Ci nie braknie na stare lata.
334,1,@anonymized_account @anonymized_account @anonymized_account @anonymized_account @anonymized_account ChÅ‚opcze pogadamy jak przestaniesz na kupkÄ™ mÃ³wiÄ‡ papu.
335,2,@anonymized_account @anonymized_account Niestety prawda jest taka ze TVN to Nazistowska stacja medialna !!!
336,2,No to siÄ™ debil Duda popisaÅ‚ na sam poczÄ…tek. PrzyszedÅ‚ po zakoÅ„czeniu hymnu.
337,1,@anonymized_account Wypad parchu z mojej rozmowy. Nie rozmawia z prymitywami o IQ na poziomie temperatury wÅ‚asnego ciaÅ‚a.
338,2,@anonymized_account @anonymized_account Ty jesteÅ› wiarygodny? Ty jesteÅ› nic nie wartym pajacem uzaleÅ¼nionym od dwÃ³ch pierdolniÄ™tych starcÃ³w.
339,2,Skurwysyny pisdzielskie  wasze sÅ‚owo m-c: empatia
340,2,@anonymized_account @anonymized_account @anonymized_account Mocne sÅ‚owa? Idiota nie jest w stanie niczego takiego powiedzieÄ‡
341,2,"@anonymized_account @anonymized_account Zatem to jesteÅ› Ty i TwÃ³j kolega Ziobro. KwestiÄ… jest, ktÃ³re zero jest wiÄ™ksze."
342,2,@anonymized_account @anonymized_account @anonymized_account @anonymized_account @anonymized_account Przynajmniej wy nie nauczycie ich jak siÄ™ okrada budzet
343,2,"@anonymized_account @anonymized_account Znowu Gasiuk zepsuje piwietrze, nowy temat aby bez sensu gÅ‚upiÄ… gÄ™be drzeÄ‡."
344,2,"@anonymized_account Wszystko przez Stuhra, TVN i Michnika #odjebanie mÃ³zgowe @anonymized_account"
345,2,@anonymized_account @anonymized_account Pogonili ciÄ™ z MON i nadal chcesz zabÅ‚ysnÄ…Ä‡? Do budy PiSowski piesku.
346,2,@anonymized_account @anonymized_account LeczyÄ‡ moÅ¼na z chorÃ³b - nie ze stanu umysÅ‚owego IQ :)
347,2,"@anonymized_account @anonymized_account Biedny sfrustrowany stary czÅ‚owieku, zamilknij bo ci nadmiar wazeliny wypÅ‚ywa."
348,2,@anonymized_account @anonymized_account @anonymized_account A ty Å›pisz z zaganiaczem @anonymized_account
349,1,@anonymized_account @anonymized_account A jaki Ty kurwa brzydki jesteÅ›...
350,1,"@anonymized_account @anonymized_account Nie strasz, nie strasz.... Zajmij siÄ™ kolegami pedofilami i kolegÄ… Paetzem."
351,2,@anonymized_account Wie Pani co to jest Å›rednia?...no moÅ¼e matematyczka Pani Lubnauer podpowie.....
352,1,@anonymized_account nie ma inteligentniejszego tylko ma za ciasno szaliczek i mu oczka wyszÅ‚y bardziej.
353,2,"@anonymized_account PawÅ‚owicz, gdyby to byÅ‚a prawda, to by ciÄ™ juÅ¼ dawno nie byÅ‚o gÅ‚upia cipo."
354,2,"@anonymized_account @anonymized_account @anonymized_account uwaÅ¼aj stara ruro, bo Ci na Å¼arcie w sejmie nie wystarczy."
355,2,@anonymized_account @anonymized_account PowiedziaÅ‚ @anonymized_account majÄ…cy IQ o wartoÅ›ci temperatury ciaÅ‚a
356,2,"@anonymized_account @anonymized_account @anonymized_account Ale przecieÅ¼ on dalej  ssie wszystkimi otworami, caÅ‚ym ciaÅ‚em, wchÅ‚ania przez pory kasÄ™ z UE"
357,2,"@anonymized_account @anonymized_account @anonymized_account Sakiewicz, Tobie wazelina oczy zalewa i bredzisz."
358,2,Ijo ijo ijo policja tt przejechaÅ‚em aresztowaÄ‡ Å›mierdzÄ…cÄ… @anonymized_account caÅ‚y tt Å›mierdzi
359,2,"@anonymized_account Tylko wpisy pisdzielstwa, macie gÃ³wno miÄ™dzy nogami, spokojnie @anonymized_account @anonymized_account"
360,1,@anonymized_account @anonymized_account Jaka ty ograniczonÄ… jesteÅ› tÄ™pa dzido. Jak poÅ‚owa polskich katolickich sierot po komunie.
361,2,@anonymized_account KtÃ³re dno osiÄ…gnÄ…Å‚ Pan tym razem? Bo IQ rozwielitka ma wyÅ¼sze.
362,2,@anonymized_account @anonymized_account A teraz zrÃ³bcie sobie nawzajem loda
363,2,"@anonymized_account @anonymized_account \""Drogi\"" TVN - wy nie jesteÅ›cie \""wolnym medium\"". Wy jesteÅ›cie szczujniÄ…. ParszywÄ… i zapchlonÄ…."
364,2,"@anonymized_account Tak to sÄ… konsekwencje waszego zdrajczego plucia na nasz Kraj , jesteÅ› ZEREM.ğŸ˜·ğŸ˜·ğŸ˜·"
365,2,"@anonymized_account @anonymized_account Chyba ciÄ™ siÄ™ mÃ³zg zaÅ‚adowaÅ‚ juÅ¼ od tych bredni Mateusza, bo zaczynasz bredziÄ‡ tak samo jak on"
366,2,"@anonymized_account @anonymized_account @anonymized_account @anonymized_account Dajcie se po razie, bo wszyscy tu na to czekajÄ… ğŸ˜‚"
367,2,@anonymized_account Ciebie by siÄ™ przydaÅ‚o zgnoic
368,1,"@anonymized_account To chuj z nim, pewnie ma kartÄ™ emeryta  i przepracowal w Å¼yciu 15 lat"
369,2,@anonymized_account @anonymized_account @anonymized_account KÅ‚amca taki jak ty powinien byÄ‡ zdymisjonowany natychmiast.
370,2,@anonymized_account @anonymized_account @anonymized_account KtÃ³ra z Was robi za babciÄ™ a ktÃ³ra za dziadka?
371,2,"@anonymized_account Kwiat mlodzieÅ¼y: \""zajebaÄ‡ Tuska ta kurwÄ™ KopaczowÄ… i starÄ™ szmatÄ™ Gersdolf\"""
372,2,"@anonymized_account Dziadek ubierz kapcie, siadaj w fotelu i skoÅ„cz bredziÄ‡"
373,2,"@anonymized_account Synku gÃ³wno widziaÅ‚eÅ› i gÃ³wno wiesz. I nie.mow.o rozchwianie emocjonalnym, bo sam.jestes jak dziecko."
374,1,@anonymized_account @anonymized_account @anonymized_account @anonymized_account TÄ™pym chujem to jesteÅ› ty. Jak nie wierzysz to popatrz w lustro.
375,1,@anonymized_account Ale Pani nie pomyli siÄ™ nikomu - wredna i upierdliwa stara panna jedyna w swoim rodzaju.
376,2,@anonymized_account Tak Kamila wasze zachowanie w Sejmie i pod Sejmem nosi znamiona choroby psychicznej!
377,2,"@anonymized_account Pan jest zerem panie @anonymized_account . A nawet mniej niÅ¼ zero. Dno, Ä‡wok i skoÅ„czone bydle. Koniec cytatÃ³w."
378,2,"@anonymized_account @anonymized_account @anonymized_account O 135 zÅ‚otych, a moÅ¼e macie jakiÅ› fundusz na wypÅ‚aty pod stoÅ‚em?"
379,2,@anonymized_account @anonymized_account Ziobro wymyÅ›liÅ‚ przekaz dnia dla pisowskich debili?
380,2,Ten je...ny KaczyÅ„ski znowu nas wydymaÅ‚ğŸ˜‚ğŸ˜‚ğŸ˜‚ğŸ˜‚ğŸ˜‚.Te miny sÄ… bezcenne.
381,1,"@anonymized_account @anonymized_account A to potocznie CiÄ™ stary idioto RachoÅ„ zaprosiÅ‚ do studia, Å¼ebyÅ› znowu pobrudziÅ‚ trochÄ™."
382,2,@anonymized_account @anonymized_account Miernoto umysÅ‚owa na 3+. Pani profesor Gersdorf to ty butÃ³w lizaÄ‡ nie jesteÅ› godzien. Zero to wiÄ™cej niÅ¼ Ty.
383,2,@anonymized_account @anonymized_account @anonymized_account Wy macie wyzwania i problemy na Å›wiecie? To wy jesteÅ›cie problemem dla Å›wiata.
384,2,@anonymized_account @anonymized_account A kto siÄ™ z tobÄ… bÄ™dzie spotykaÅ‚? Kim ty jesteÅ›? Tobie naleÅ¼y w gÄ™bÄ™ napluÄ‡ za to wszystko co niszczysz w Polsce.
385,2,@anonymized_account @anonymized_account Kiedy zaczniesz siÄ™ leczyÄ‡ kretynie
386,2,@anonymized_account WiÄ™kszoÅ›Ä‡ ludzi PiSu jest inteligentna inaczej
387,2,@anonymized_account Sprzedawczyk i kapuÅ› patriotÄ…? Stuknij siÄ™ Lisie(jesteÅ› taki sam) w tÄ… durnÄ… Å‚epetynÄ™!
388,2,Czytam to co pisze  TomaszSiemoniak i oczom nie wierzÄ™. Mam tylko jedno okreÅ›lenie debil. SkoÅ„czony debil.
389,2,"@anonymized_account @anonymized_account @anonymized_account @anonymized_account No i co kÅ‚amliwa, wredna kobieto z broszkÄ… teraz powiesz?"
390,2,@anonymized_account Teraz narzekasz pajacu a jutro bÄ™dziesz gÅ‚osowaÅ‚ razem z PiSem.
391,2,@anonymized_account PiÄ™ta to klasyczny PiSowski kawaÅ‚ kÅ‚amliwego skurwysyna. I kompletnie nic poza tym.
392,2,"@anonymized_account Wszedzie wciskasz swojego kutasa, sam jesteÅ› niewolnikiem i ty zatruwasz ludzi i traktujesz jak motÅ‚och"
393,2,@anonymized_account @anonymized_account Mam nadziejÄ™ Å¼e mu wpierdolili porzÄ…dnie
394,2,A faszysta Tusk mÃ³wiÅ‚ coÅ› o jakiÅ› bolszewikach
395,2,@anonymized_account @anonymized_account @anonymized_account Rozmawiacie? O czym ty bredzisz pajacu.
396,2,"@anonymized_account @anonymized_account @anonymized_account WidzÄ™, Å¼e wczeÅ›nie wstaÅ‚eÅ›. Rozumiem, Å¼e kolejka do psychiatry nie moÅ¼e przepaÅ›Ä‡."
397,1,@anonymized_account ZapomniaÅ‚em o ciezniaku nr 1 frajerze ğŸ˜€
398,1,"@anonymized_account W tym wypadku chyba taÅ„sza byÅ‚aby transplantacja gÅ‚owy, bo lifting gÄ™by musi uzupeÅ‚niÄ‡ wszczepienie mÃ³zgu, ktÃ³rego nie ma."
399,2,@anonymized_account Tak to jest z pomnikami obroÅ„cÃ³w pedofili
400,1,@anonymized_account @anonymized_account @anonymized_account @anonymized_account @anonymized_account A wiecie po czym poznaÅ‚em ? Bo ma nogi jak grubas ğŸ˜‚
401,1,@anonymized_account Chyba ciÄ™ frustracie do koÅ„ca pojebaÅ‚o. To dawaj publicznie tÄ… prawdÄ™ psycholu.
402,1,@anonymized_account Probierz cwelu skoÅ„czyÅ‚eÅ› w burdelu!!
403,2,"@anonymized_account @anonymized_account @anonymized_account Zgodzisz siÄ™ ze mnÄ…, im mniej polskich mord w spoÅ‚eczeÅ„stwie  tym lepiej dla Polski"
404,2,@anonymized_account ProtestujÄ… bo widÄ… w przestrzeni coraz wiÄ™cej  zjebÃ³w takich jak wy
405,2,"@anonymized_account @anonymized_account Policjanci to Ä‡puny, albo emeryci w wieku 45 lat, jakaÅ› herezja"
406,1,@anonymized_account @anonymized_account Wiesz Å¼e on jest w rajtuzach i bez majtek
407,1,@anonymized_account @anonymized_account @anonymized_account won z mojego miasta pisowska mendo
408,2,@anonymized_account Won niemcu. Sprzedawaliscie wszystko jak leciaÅ‚o a teraz wielcy patrioci. Won!
409,2,@anonymized_account Powinni im naziole porzÄ…dny wpierdol spuÅ›ciÄ‡ to zrozumiejÄ… jaka ich rola @anonymized_account
410,1,@anonymized_account @anonymized_account Ty siÄ™ chyba ze swoim fiutem na gÅ‚owy zamieniÅ‚eÅ›
411,2,@anonymized_account Ty pajacu historyczny idz siÄ™ leczyÄ‡
412,1,"@anonymized_account ojciec was gwaÅ‚ciÅ‚, trafiÅ‚em, nie wstydÅº siÄ™"
413,1,"@anonymized_account Zabija ciÄ™ jak nie pÃ³jdziesz, nie bÃ³j chlaj"
414,1,"@anonymized_account Rozumiem, Å¼e byÅ‚a Pani dnem w tej Å‚Ã³dce i stÄ…d te informacje."
415,1,@anonymized_account Kolejna Å‚Å¼e jak bura suka
416,2,@anonymized_account Transmitujesz po kryjomu? Komu lizesz dupÄ™? PiSowi ogÃ³lnie czy AntoÅ› ciÄ™ jara? Twoja tv jako jedyna tych bredni nie pokazuje.
417,2,@anonymized_account @anonymized_account @anonymized_account Pani ma donoÅ›ny gÅ‚os bo jak siÄ™ ma pusty Å‚eb to dÅºwiÄ™k mocniej rezonuje. To wszystko.
418,2,@anonymized_account @anonymized_account Pani mÃ³zg jest bardzo niepokojÄ…cy.
419,1,@anonymized_account @anonymized_account Manipulancka tÄ™poto. On urodziÅ‚ siÄ™ sprawny a choroba uaktywniÅ‚a siÄ™ w 21 roku jego Å¼ycia
420,2,@anonymized_account @anonymized_account A jak niewidzisz Å¼e GÃ³rski to pizdeczka to polecam wizyte u psychiatry
421,2,Historia jest jedna skurwysyny pisowskie
422,2,@anonymized_account @anonymized_account Nikt ciebie tu nie chce rasistowski pÄ™taku
423,2,"Wiem co mogÅ‚oby \""uratowaÄ‡\"" posÅ‚a PiÄ™tÄ™... niech ogÅ‚osi, Å¼e wszystko to nieprawda, bo jest....gejem ğŸ¤ª"
424,1,@anonymized_account Znowu nie wziÄ…Å‚eÅ› piguÅ‚ek i ci jebie...
425,2,@anonymized_account Jasne. Od tego czasu stawki napewno wzrosÅ‚y. Ciekawe ile Dziwisz zarabia na relikwiach JPII?
426,1,@anonymized_account @anonymized_account @anonymized_account @anonymized_account @anonymized_account Ty siÄ™ ciulu za robotÄ™ weÅº a nie tylko imprezujesz non stop pajacu
427,2,@anonymized_account @anonymized_account Sasin tobie juÅ¼ siÄ™ kompletnie pojebaÅ‚o w tym pustym Å‚bie
428,2,@anonymized_account Ty sprzedawczyku idÅº Å›wiÄ™towaÄ‡ Å›wiÄ™ta narodowe folksdojczÃ³w ğŸ˜Š
429,2,@anonymized_account @anonymized_account W dupie majÄ… przykazania. Nie po to siÄ™ Å¼eniÅ‚em Å¼eby misiewicze ruchali mi Å¼onkÄ™
430,2,"@anonymized_account od wyÅ›miewania kobiet, szydzenia ze Å›mierci, prymitywie, idÅº do burdelu za swoje pieniÄ…dze"
431,1,@anonymized_account @anonymized_account @anonymized_account @anonymized_account A jak tam twoje kochanki? Wykorzystujesz czy juÅ¼ nie?
432,1,@anonymized_account @anonymized_account I uwaÅ¼asz pajacu Å¼e te sprawy majÄ… coÅ› wspÃ³lnego ze sobÄ…?
433,2,@anonymized_account Popieram. Dobrze wyedukowana mÅ‚odzieÅ¼ na rozpoczÄ™ciu kolejnego roku szkolnego Dudzie nakopie i spuÅ›ci Å¼e schodÃ³w.
434,2,"@anonymized_account @anonymized_account Genialna para.obaj inteligentni inaczej,obaj ma usÅ‚ugach PiSu,tacy dwaj porzyteczni idioci."
435,2,@anonymized_account @anonymized_account PrzecieÅ¼ nie od dzisiaj wiadomo Å¼e polscy kierowcy to albo pijaki albo debile.
436,2,@anonymized_account @anonymized_account A do wÅ‚adzy dorwaÅ‚a siÄ™ rzÄ…dna wÅ‚adzy ponad wszystko pisowska hoÅ‚ota pod wodzÄ… jego brata i niszczy paÅ„stwo.
437,2,"@anonymized_account Koniecznie zacznijcie od ksiÄ™Å¼y katechetÃ³w, to najwiÄ™ksze zagroÅ¼enie. W pedofilstwie ksztaÅ‚ci ich Seminarium w Tarnowie."
438,2,@anonymized_account @anonymized_account @anonymized_account Ty pieprzony kÅ‚amco za paÅ„stwowe pieniÄ…dze.
439,2,"@anonymized_account Tyle znaczysz facet. Nawet Polonia ma CiÄ™ w pompie glusiu ğŸ˜‚ğŸ˜‚ğŸ˜‚ TÅ‚umy widzÄ™, widzÄ™ tÅ‚umy! ParafrazujÄ…c ğŸ˜†"
440,1,"@anonymized_account Powiem Ci po twojemu: ty stary pojebaÅ„cu, profesorowi Strzemboszowi nawet butÃ³w nie jesteÅ› godzien czyÅ›ciÄ‡."
441,2,"OkazaÅ‚o siÄ™, Å¼e pierwszym zwierzÄ™ciem wystrzelonym w kosmos w 1957r. nie byÅ‚a Ğ›Ğ°Ğ¹ĞºĞ°, tylko #Morawiecki"
442,2,@anonymized_account A co ze zwierzÄ™tami w sutannach gwaÅ‚cÄ…cych dzieci?
443,2,"@anonymized_account Nie ucztowoÄ‡ przy jednym stole z wÅ‚adzÄ…, ty nie dziennikarzu, czerwona zarazo"
444,2,"Jedna rzecz chyba wam umknÄ™Å‚a. To, Å¼e GdaÅ„sk pokazaÅ‚ nazwisku WaÅ‚Ä™sa srodkowy palec. WiÄ™c powtÃ³rzÄ™ za GdaÅ„skiem Fuck you WaÅ‚Ä™sa.Fuck you!!!"
445,1,"@anonymized_account Nie zgadzam siÄ™ Å¼eby mieÄ‡ tego pana w dupie, to nie moja bajka mieÄ‡ chuja w dupie."
446,2,"@anonymized_account PiS ma logo z orÅ‚em, a ONR ze zÅ‚amanym chujem. PiS to teÅ¼ zÅ‚amane chuje wiÄ™c rÃ³Å¼nice sÄ… kosmetyczne."
447,2,"@anonymized_account @anonymized_account 500+ bardzo dobry program, szkoda Å¼e nie z  pisdzielskiej kasy"
448,1,@anonymized_account Ty stary zboczony prymitywie. Jak nie rozumiesz normalnie to moÅ¼e taki jÄ™zyk ci to uÅ‚atwi.
449,2,@anonymized_account MILIONY POLAKÃ“W CZEKA NA BADANIA PSYCHIATRYCZNE LISA PO WPISACH WIDAÄ†  NIE ZRUWNOWARZENIE PSYCHICZNE  I CIÄ„GÅÄ„  DEPRESJE
450,1,@anonymized_account @anonymized_account czekasz pisowska gnido Å¼eby cisza zapadÅ‚a abyÅ›cie mogli zamieÅ›Ä‡ kolejna sprawÄ™ pod dywan? Niedoczekanie twoje.
451,1,"@anonymized_account @anonymized_account Nie wiedzialbym Å¼e z tym zjebanym klechÄ…  ktoÅ› walczy,spowiedz przez tel . 12 tyÅ›"
452,1,"@anonymized_account @anonymized_account Babcia Herod w formie, pozdrawiam @anonymized_account , czekamy na ustawÄ™ w sprawie lewackiej mordy @anonymized_account"
453,2,@anonymized_account @anonymized_account Ty masz zalegÅ‚oÅ›ci w rozwoju mÃ³zgu
454,2,Gdzie moi koledzy @anonymized_account @anonymized_account pewnie odurzajÄ… siÄ™ gdzieÅ› klejem na dworcu
455,1,0888888888 w BuÅ‚garii numer ten uwaÅ¼any jest za przeklÄ™ty poniewaÅ¼ podobno kaÅ¼dy z jego wÅ‚aÅ›cicieli umierali po kilku dniach
456,1,Bardzo uprzejmie proszÄ™ ABW o zainteresowanie siÄ™ kontem tego czÅ‚owieka: @anonymized_account A Was proszÄ™ o RT.
457,2,"Odklejenie mÃ³zgowe jak nic, jednostka chorobowa"
458,2,"@anonymized_account @anonymized_account Intelektualnie odjechaÅ‚ w krainÄ™ dziadka do orzechÃ³w, smutne"
459,2,@anonymized_account A ktoÅ› ciÄ™ jeszcze oglÄ…da pajacu?
460,2,@anonymized_account @anonymized_account @anonymized_account Do tego pajaca ktoÅ› jeszcze przychodzi ?!!!
461,1,@anonymized_account oj nie wiedziaÅ‚ co odpisaÄ‡.Biedny nie bojkotowaÅ‚ a pisze Å¼eby kibice bojkotowali bo zÅ‚ego trenera zatrudnili.
462,2,@anonymized_account Kolejny filar inteligencji z PiSu
463,2,@anonymized_account Straszy redekcje karami gaÅ‚gan jeden
464,2,"@anonymized_account UK jest coraz bardziej faszystowska, ale widocznie jeszcze nie wystarczajÄ…co faszystowska aby powitaÄ‡ @anonymized_account"
465,2,"CaÅ‚y czas czujÄ™ ten smrÃ³d, nie do wytrzymania @anonymized_account chyba ban"
466,1,@anonymized_account Tu stary chuju PZPRowski zajmij siÄ™ swoimi komuchami z PiSu.
467,2,"@anonymized_account Nie bucz, i tak Å›mierdzisz"
468,2,"Kto zna wiÄ™ksza szmatÄ™ nie waÅ¼ne w ktÃ³rÄ… stronÄ™  wiÄ™kszÄ… niÅ¼ @anonymized_account niech da znaÄ‡,  powiedz @anonymized_account"
469,2,@anonymized_account @anonymized_account @anonymized_account Kolejny Å¼art? Oddacie kaÅ¼dy grosz z odsetkami. ZÅ‚odzieje
470,1,@anonymized_account Ten caÅ‚y @anonymized_account  wyglÄ…da mi na pedofila...
471,2,@anonymized_account @anonymized_account @anonymized_account I tak sa izolowani kurwa jak w obozach
472,2,@anonymized_account A co zrobili Pana koledzy? Jako opozycja jesteÅ›cie bandÄ… nic nie wartych palantÃ³w.
473,2,"Ale to jest kurwa pisdzielskie podejÅ›cie  na kaÅ¼dym rogu SB, albo zÅ‚odziej"
474,2,"@anonymized_account Popatrz w lustro , to dopiero beztalencie."
475,1,"@anonymized_account @anonymized_account @anonymized_account @anonymized_account @anonymized_account Spokojnie, napewno siÄ™ nie zaÅ‚apiesz. Za maÅ‚o inteligentny jesteÅ›"
476,2,@anonymized_account @anonymized_account Jak zwykle piwo zamiast mÃ³zgu
477,1,@anonymized_account Å»eby sobie gÅ‚upi ryj rozwaliÅ‚
478,2,"@anonymized_account @anonymized_account @anonymized_account Ty gnojku, jakby nie tacy ludzie jak Frasyniuk, to byÄ‡ zapierdalaÅ‚ dzisiaj przy gnoju u siebie na wsi."
479,2,Pan PoseÅ‚ Andruszkiewicz znowu masakruje lewakÃ³w i ubekÃ³w! SzanujÄ™. #Woronicza17
480,2,"@anonymized_account @anonymized_account SÄ… ludzie ktÃ³rzy krzyÅ¼ w dupÄ™ dzieciom wkÅ‚adajÄ…, ot czasy"
481,1,@anonymized_account @anonymized_account pelikanem to ty jestes skoro wierzysz Å¼e Grosicki byÅ‚ blisko ğŸ˜‚
482,1,"@anonymized_account DostaÅ‚eÅ› od policja, fruwales po komisariacie, widziaÅ‚eÅ› najebanych, naÄ‡panych, odurzonych wÅ‚adza"
483,2,@anonymized_account a ja sugerujÄ™ zakup maÅ›ci na bÃ³l dupy @anonymized_account @anonymized_account
484,2,"@anonymized_account @anonymized_account ssa wszystkimi otworami co tylko da sie wessaÄ‡, dekompozycja obozu rzÄ…dzÄ…cego, druÅ¼yna jest w rozsypce"
485,2,"@anonymized_account Zaprzeczenie inteligencji, jak tak moÅ¼na plakal nie plakal, znizac sie do takiego poziomu"
486,1,@anonymized_account To o czym mÃ³wi p.Kasprzyk to populizm i demagogia w czystej postaci.
487,2,"@anonymized_account @anonymized_account @anonymized_account gorzej nie, ale po zmianach moÅ¼e byÄ‡ bez zmian.Chujowo ale stabilnie."
488,1,@anonymized_account @anonymized_account Jak piszesz to patrz na klawisze a nie w lustro.
489,1,@anonymized_account @anonymized_account A co on mu tam robi przy rozporku? To napewno figura z brÄ…zu?
490,1,"@anonymized_account Ordynarna, prostacka na plecach jp2 promocja"
491,2,"@anonymized_account Podniecony jak trzpiotka, ty dzieciaku"
492,2,"@anonymized_account Lzy ogromne, kiedyÅ› usunÄ…Å‚em ciÄ…Å¼Ä™, nie mÃ³w nikomu"
493,1,@anonymized_account A ten ksiÄ…dz moÅ¼e tÄ… swojÄ… czapkÄ™ ma za ciasnÄ…...
494,1,"@anonymized_account @anonymized_account Radek nie ma na prÄ…d, zostaÅ‚ Å¼ulem"
495,1,"@anonymized_account @anonymized_account Tak\nDla Polaka to potrzeba:\nJebaÄ‡ #PiSkomuna trzeba!\nNa Twitterze, w Internecie,\nGdzie Å¼erujÄ… te ich Å›miecie!"
496,2,"#BezRetuszu Postkomunistyczne ukÅ‚ady, sitwy,kasty wszystko to na Å›mietnik historii !! Natychmiast !!"
497,1,@anonymized_account @anonymized_account Po kiego chuja nakrecasz tych followersÃ³w
498,2,@anonymized_account A kto kutasie sprzedaÅ‚ StoczniÄ™ UkraiÅ„com?
499,2,"SÅ‚yszÄ™, Å¼e Pierwsza MilczÄ…ca bÄ™dzie czytaÅ‚a dzieciom KozioÅ‚ka MatoÅ‚ka...\nA moÅ¼e lepiej poczyta KonstytucjÄ™ swojemu matoÅ‚kowi?..."
500,1,@anonymized_account oczywiÅ›cie Å¼e nie jesteÅ›my zadowoleni.Ale piszÄ…c Å¼e powinniÅ›my bojkotowaÄ‡ utwierdzasz mnie w przekonaniu Å¼e jesteÅ› pajacem
501,2,@anonymized_account @anonymized_account @anonymized_account @anonymized_account @anonymized_account @anonymized_account A wpÅ‚ywem czego jest noszenie wÄ…sÃ³w i kretyÅ„skiej apaszki?
502,2,"@anonymized_account A jak napiszÄ™ na Pani domu \""debil\"" to siÄ™ Pani nie obrazi i nie zadzwoni na PolicjÄ™?"
503,2,@anonymized_account WspÃ³lnie z neofaszystami z poÅ‚owy Europy. Jaka bÄ™dzie kolejna kompromitacja?
504,2,A w warszawskim ratuszu niewygodne kwity juÅ¼ poszÅ‚y do pieca czy pÃ³jdÄ… dopiero po drugiej turze?
505,2,@anonymized_account @anonymized_account To w polskim sejmie jest jakaÅ› opozycja? Ja widzÄ™ stado palantÃ³w.
506,1,@anonymized_account @anonymized_account mowa o tej dupie ?:)
507,2,"Od paliwa teÅ¼ za PO, za pis weszÅ‚o w Å¼ycie, te szczury kÅ‚amiÄ…"
508,1,"@anonymized_account @anonymized_account lepiej napisaÄ‡ Å¼e dostali wpierdol.A nie, bo ludzie ktÃ³rzy dostali po ryju by siÄ™ mogli gÅ‚upio poczuÄ‡."
509,2,"@anonymized_account to o tobie, nienawidzisz PolakÃ³w genetycznie"
510,1,@anonymized_account A jeszcze wiÄ™kszymi idiotami sÄ… ci ktÃ³rzy go sÅ‚uchajÄ….
511,1,@anonymized_account Od dawna mÃ³wiÄ™ ze on siÄ™ z kangurem na glowy pozmieniaÅ‚. Chory gÅ‚upek z tytuÅ‚em.
512,1,"@anonymized_account A ja uwaÅ¼am, Å¼e jesteÅ› bucem."
513,2,"@anonymized_account TrochÄ™ mÃ³zgu, troszeczkÄ™, minimalna iloÅ›Ä‡ szarych komÃ³rek"
514,2,@anonymized_account @anonymized_account MogÄ™ ci taki z dziesiÄ™Ä‡ napisaÄ‡ pajacu. I kopii trochÄ™ teÅ¼ mogÄ™ przy okazji.
515,1,@anonymized_account jednym z frustratÃ³w jesteÅ› ty.Taka prawda.
516,1,@anonymized_account Tak samo jak twoje brednie na TT sfrustrowany starcze.
517,2,"@anonymized_account @anonymized_account Was, gnidy powinno siÄ™ zaoraÄ‡ na metr w gÅ‚Ä…b i grubo posypaÄ‡ niegaszonym wapnem. A dla pewnoÅ›ci zbombardowaÄ‡ napalmem."
518,1,@anonymized_account hehe niech uwaÅ¼a bo jeszcze ktoÅ› uwierzy Å¼e bÄ™dzie stawiaÅ‚ na wychowanki
519,2,@anonymized_account @anonymized_account @anonymized_account @anonymized_account @anonymized_account @anonymized_account Bo Gadowski juÅ¼ dawno powinien byÄ‡ zutylizowany.
520,2,@anonymized_account @anonymized_account Å»eby mu ludzie wpierdol spuÅ›cili?
521,2,"@anonymized_account Wiem ze sÄ… wakacje,ale to nie zwalnia Pani od odrobiny myÅ›lenia.Tylko ze to nie przyzwyczajonym szkodzi..."
522,2,@anonymized_account @anonymized_account Czas zaczÄ…Ä‡ rozliczaÄ‡ go za sÅ‚owa.
523,2,"@anonymized_account Znaczy teraz to juÅ¼ oczywiste, Å¼e Lewandowski to najgorsza menda"
524,2,@anonymized_account ZwrÃ³ciÅ‚eÅ› zÅ‚odzieju kasÄ™ za nagrody?
525,2,"@anonymized_account Oni to Ä‡pajÄ…, marsz nie ma nic wspolnego z patrityzmem, to ty nie wiesz?"
526,2,"@anonymized_account @anonymized_account Kobieto, co Ty Ä‡pasz? A moze Ci  wazelina mÃ³zg rozpuÅ›ciÅ‚a kompletnie."
527,2,PiÄ™ta byÅ‚ Å¼aÅ‚osny i przed ujawnieniem romansu.
528,2,"@anonymized_account Gdyby lud nie byÅ‚ ciemny, to nie byÅ‚oby skurwysynÃ³w w koloratkach."
529,2,@anonymized_account Kto zniÃ³sÅ‚ progresjÄ™? Nie Pisdzielstwo
530,2,KAIN TEÅ» ZABIÅ BRATA ALE NIE ÅšWIÄ˜TOWAÅ TEGO CO MIESIÄ„C I NIE STAWIAÅ POMNIKÃ“W NA TÄ˜ OKOLICZNOÅšÄ†.
531,1,"@anonymized_account @anonymized_account Jakby On miaÅ‚ dostaÄ‡ wpierdol, to co Ty musiaÅ‚byÅ› dostaÄ‡?"
532,1,@anonymized_account @anonymized_account Wystarczy wsadziÄ‡ przeciwnikowi palec w dupe i juÅ¼ moÅ¼na zostaÄ‡ legendÄ… ğŸ˜‚
533,2,@anonymized_account @anonymized_account Polacy katolicy sÄ… niezastÄ…pieni w swojej wrednoÅ›ci i zaÅ‚ganiu.
534,2,PO i Nowoczesna przeciw   degradacji zbrodniarzy  komunistycznych.PSL im wtÃ³ruje. Å»aÅ‚osne i kompromitujÄ…ce .#Woronicza17
535,2,"@anonymized_account To tak jak z Komoruskim, teÅ¼ miaÅ‚ \n70% i padÅ‚ , o sorry spuÅ›cili go w kibluğŸ˜‚ğŸ˜‚ğŸ˜‚ğŸ˜‚ğŸ˜‚ğŸ˜‚ğŸ˜‚ğŸ˜‚ğŸ˜‚ğŸ˜‚ğŸ˜‚ğŸ˜‚"
536,2,"@anonymized_account @anonymized_account @anonymized_account @anonymized_account Pisdzielstwo juz sie nie podniesie, mentalnoÅ›ciowy odjazd juÅ¼ mÄ™czy wlasnych wyborcÃ³w"
537,2,@anonymized_account @anonymized_account @anonymized_account Ani siÄ™ nie obejrzysz jak Å›lad po was nie zostanie.
538,1,"@anonymized_account wiem, ale nastÄ™pnym razem mi powiedz wychodzÄ…c, Å¼e idziesz do TV to Ci go obleje niechcÄ…cy kawÄ… czy coÅ›."
539,2,A wiecie czemu jadÄ™ na tÄ… szmatÄ™ ludzka @anonymized_account bo pluÅ‚ na @anonymized_account i robiÅ‚ to jak szmata ludzka
540,2,"@anonymized_account Pani tweet nosi znamiona desperacji, Å¼eby z g...a bat ukrÄ™cic..."
541,1,"@anonymized_account @anonymized_account @anonymized_account @anonymized_account A co ten chuj moÅ¼e wiedzieÄ‡, niech idzie do stylisty i nie pordolib"
542,1,"@anonymized_account Ze zÅ‚oÅ›ciÄ…, acha, cha cha, ale ci w mÃ³zg wypaliÅ‚o"
543,1,"@anonymized_account PrzeÅ¼yÄ‡ dzieÅ„, pobiÄ‡ go, Å¼uciÄ‡ na matÄ™, przydusiÄ‡ i odebraÄ‡ piÅ‚kÄ™, ale ty wolaÅ‚eÅ› siÄ™ najbaÄ‡, powinszowaÄ‡"
544,2,@anonymized_account Taki jak I z Ciebie redaktor. SwÃ³j warty swego.  Tfu
545,1,"@anonymized_account Jak wygrasz w sadzie z krÃ³lowÄ…, uznam Å¼e jesteÅ› wiarygodny, pÃ³ki co nastÄ™pny czubek"
546,2,@anonymized_account @anonymized_account A w mieÅ›cie Åodzi ciemnogrÃ³d. Ciemnota Å¼e rÄ™ce opadajÄ….Jak dÅ‚ugo jeszcze??
547,1,"@anonymized_account @anonymized_account Ona nie myÅ›li, bo Å¼eby myÅ›leÄ‡ trzeba mieÄ‡ mÃ³zg."
548,1,Moja simka znalazÅ‚a sobie sugar daddy a tu taka niespodzianka bo staruch nie chce umrzeÄ‡ po Å›lubie
549,2,@anonymized_account @anonymized_account @anonymized_account I znowu dwaj kretyni z TVP info
550,2,"Ludzie galarety, trzÄ™sÄ…ce sie, pÅ‚aczÄ…ce na pochodach, sÄ… rÃ³Å¼ni ludzi ale nie oddajmy takim wÅ‚adzy,  pÅ‚aczki polaczki"
551,1,@anonymized_account @anonymized_account Te dwie kurwy nigdy siÄ™ nie mylÄ…
552,1,"@anonymized_account @anonymized_account ty goÅ›ciu juÅ¼.nie tweetuj, bo ci znowu jakaÅ› dupa wyjdzie."
553,1,@anonymized_account @anonymized_account Obie te kobiety mÃ³gÅ‚by ktoÅ› poruszyÄ‡. MoÅ¼e ich mÃ³zgi potem zaczÄ™Å‚yby normalnie pracowaÄ‡.
554,2,"@anonymized_account Nie bÄ…dÅº caÅ‚e Å¼ycie Å›mieciem, zacznij byÄ‡ panem, jak potrafisz"
555,1,@anonymized_account KopiÄ… swojego po gÅ‚owie. RzeczywiÅ›cie genialne.
556,2,"@anonymized_account PrzestaÅ„ Ä‡paÄ‡ haszysz, jest Å¼ycie poza marszem"
557,2,"@anonymized_account JesteÅ› obrzydliwy, zasÅ‚ugujesz na 1 miejsce w kat. Bot roku"
558,2,"Jutro 25Â°, jutro nie bÄ™dzie pisdzielstwa, przez ktÃ³re przegrywamy"
559,2,"Kurwa nikt nic nie pamiÄ™ta, szczuli Lech, Ziobro, JarosÅ‚aw napÄ™dzali tÄ… machinÄ™ pierwsi"
560,2,@anonymized_account Chyba Å¼e @anonymized_account przestraszy siÄ™ goÅ‚ej dupy
561,2,@anonymized_account Masz faszystowskie zabÄ™dy. OczekujÄ™ swastyki w profilowym
562,1,"Hahaha idziesz na dno endeku, caly dziennikarski swiat cie skreÅ›liÅ‚"
563,2,@anonymized_account Ja jebe Tomek no to juÅ¼ Å‚adnie Ci odpierdoliÅ‚o ğŸ¤£ğŸ¤£ğŸ¤£ğŸ¤£ğŸ¤£
564,1,"@anonymized_account Ostra ziomalka, ale nie dla charakternych ziomkÃ³w, wypier z warszawy"
565,2,@anonymized_account Pan Prezydent moÅ¼e sobie wyÅ‚Ä…cznie kupÄ™ zrobiÄ‡.
566,2,"@anonymized_account Twierdzi, Å¼e feministki o siebie nie dbajÄ…, cytujÄ™: sÄ… zapyziaÅ‚e"
567,1,@anonymized_account @anonymized_account I ty masz czelnoÅ›Ä‡ kogokolwiek pouczaÄ‡? Najpierw pokorÄ… i sÅ‚uÅ¼ba a potem uwagi do innych.
568,1,@anonymized_account Bardzo dobrze. Na piechotÄ™ pisfani. WybraliÅ›cie sobie PiS to macie.
569,2,"@anonymized_account Jak sie caÅ‚e pisdzielstwo cieszy, aby wsadziÄ‡ do ciupy, jakie to jest prymitywne zresztacjak caÅ‚e pisdzielstwo"
570,1,@anonymized_account @anonymized_account @anonymized_account  chory z urojenia.Stan umysÅ‚u rÃ³wnia pochyÅ‚a
571,1,@anonymized_account czy Pan Panie Karski zapomniaÅ‚ zaÅ¼yÄ‡ swoje tabletki
572,2,@anonymized_account @anonymized_account te dzieci majÄ… po 30 lat i sÄ… murzynami z Erytrei - kaÅ¼dy chce ich siÄ™ pozbyÄ‡
573,1,"@anonymized_account @anonymized_account @anonymized_account WzÃ³r, za chowanie pod dywan klechÃ³w pedofili z caÅ‚ego Å›wiata?"
574,2,@anonymized_account A nastepni bÄ™dÄ… tacy jak Terlikowski spÄ™dzajÄ…cy czas w kolejce do psychiatry.
575,2,"@anonymized_account Ciesz siÄ™, a nie szydzisz, prostaczku"
576,2,"@anonymized_account @anonymized_account @anonymized_account weÅº nie oslabiaj, ten czÅ‚owiek nie wie komu obciÄ…gaÄ‡ bardziej niÅ¼ @anonymized_account"
577,1,@anonymized_account A ten RozpÅ‚ochowski to dalej z SB wspÃ³Å‚pracuje czy juÅ¼ ze sÅ‚uÅ¼bami PiSu?
578,2,nadeszÅ‚a wiekopomna chwila ustawa degradacyjna weszÅ‚a w Å¼ycie a generaÅ‚ Jaruzelski zostanie szeregowcem ! #woronicza17
579,2,"@anonymized_account 100% koniec pisdzielstwa, moÅ¼e pora zrÃ³Å¼nicowaÄ‡ followersow"
580,1,"@anonymized_account No tak, to wyzywanie jej jest najlepszym pomysÅ‚em xd ahhh Å¼ycie zazdrosnych fanek jest takie inspirujÄ…ce ğŸ˜‚ğŸ˜‚"
581,2,"zapraszam na wesele jak wyspiaÅ„ski, wesoÅ‚a szanta, koledzy @anonymized_account @anonymized_account tylko nie pierdol"
582,1,@anonymized_account @anonymized_account Czyli tylko dlatego nie napiszesz o konkretach ğŸ˜‚ dziÄ™kujemy Å‚askawco inaczej bylibyÅ›my juÅ¼ pogrÄ…Å¼eni
583,1,"@anonymized_account No jak siÄ™ przeglÄ…da twetera to siÄ™ nie dziwiÄ™, ale tak Å¼eby widzieÄ‡ w tym przyjemnoÅ›Ä‡ to trochÄ™ chore i masochistyczneğŸ˜ğŸ˜ğŸ˜ğŸ˜€ğŸ˜"
584,1,"@anonymized_account Obrzydliwe jest epatowanie na kaÅ¼dym  Å¼oÅ‚nierzami, co te pokolenie wie o wojnie, kur wie lepiej"
585,1,"@anonymized_account co chcesz zjebie, o co ci chodzi"
586,1,"Dwa kliknieciÄ…  i go nie widzÄ™, Å¼egnaj odklejeÅ„cu mÃ³zgowy"
587,1,"@anonymized_account to banuj mÄ…dralo, wtedy nie napiszÄ™"
588,1,"@anonymized_account @anonymized_account @anonymized_account Jasne, przecieÅ¼ takiego debila rzadko moÅ¼na zobaczyÄ‡, wiÄ™c dla niektÃ³rych to atrakcja jak dwugÅ‚owa maÅ‚pa."
589,1,"@anonymized_account TÅ‚umoku, jesteÅ› niedouczonym imbecylem. A podobno Å¼yjesz w kraju, w ktÃ³rym powstaÅ‚o Å›wiÄ™to 1 maja."
590,1,@anonymized_account TwÃ³j dziadek ma mÅ‚odsze dziewczy? bo mÃ³j ma Å¼onÄ™ mÅ‚odszÄ… o 20 lat xd
591,2,"@anonymized_account @anonymized_account w amoku, ich odklejonych muzgÃ³w nikt nie zatrzyma @anonymized_account @anonymized_account , obornik"
592,1,@anonymized_account Tylko co Zbyszek B. Powie po dzisiejszym meczu zbyszku podaj siÄ™ do dymisji przecieÅ¼ dramat co odjebaliscie
593,2,"@anonymized_account @anonymized_account @anonymized_account A jak inaczaj nazwaÄ‡, moÅ¼e dzika horda niebywale pazerna na kasÄ™"
594,1,@anonymized_account To jest chore Å›mierc wrogom ojczyzny
595,2,@anonymized_account @anonymized_account ProponujÄ™ wprowadziÄ‡ karÄ™ obciÄ™cia kutasa koÅ›cielnym pedofilom. Zgoda?
596,2,"@anonymized_account AÅ¼ tak gÅ‚upi jesteÅ›, nie pierdol"
597,1,@anonymized_account @anonymized_account @anonymized_account ğŸ¤£ğŸ˜‚ğŸ¤£ğŸ˜‚ğŸ¤£ğŸ˜‚ğŸ¤£ğŸ˜‚ğŸ¤£ ale ty idiota jesteÅ›
598,1,@anonymized_account ZamÃ³wiÅ‚eÅ› juÅ¼ kolejkÄ™ do psychiatry? Tak wyglÄ…da frustracja niespeÅ‚nionego starca.
599,1,WyglÄ…dasz jakbyÅ› codziennie piÅ‚ - Å›wiadoma  opÅ‚ata za wieczory
600,2,"@anonymized_account @anonymized_account @anonymized_account Jak narazie widaÄ‡ tylko to, Å¼e wasz interes jest najwaÅ¼niejszy. Banda zÅ‚odziei i hipokrytÃ³w."
601,2,@anonymized_account Bardzo dobre rozwiÄ…zanieğŸ‘ŒSieje Pani PoseÅ‚ tylko zamÄ™t.
602,2,@anonymized_account @anonymized_account A przecieÅ¼ to PiS  podobno szerzy  mowÄ™ nienawiÅ›ci. A Kod i ORP miÅ‚oÅ›Ä‡ bliÅºniego. Ja pi...le co za obÅ‚Ä™d.
603,2,@anonymized_account Ty parchu od heheszkÃ³w z zagÅ‚ady
604,2,"@anonymized_account zjeby mÃ³wiÄ… Å¼e nie chodziÅ‚o fizycznie o gotÃ³wkÄ™, kurwa zero godnoÅ›ci"
605,2,"@anonymized_account Ale ty pierdolisz, i tak codziennie"
606,2,@anonymized_account @anonymized_account KaÅ¼dy komentarz Terlikowskiego to idiotyzm delikatnie mÃ³wiÄ…c.
607,2,@anonymized_account @anonymized_account @anonymized_account Nakarmcie go bo mu do pierwszego nie starcza.
608,1,"Bierz chÅ‚opie, Å›mierdzi jak mÃ³wisz na kilometr"
609,1,"@anonymized_account @anonymized_account @anonymized_account Cios w leb moÅ¼e tylko wyleczyÄ‡, taki aÅ¼ zaboli"
610,2,"Psychopaci sÅ‚uchajÄ… \""Lose Yourself\"" Eminema. Tak wÅ‚aÅ›nie myÅ›laÅ‚em ğŸ˜ğŸ˜›\nhttps://t.co/gR9sIaJPZy"
611,2,@anonymized_account Czy wy debile rozumiecie co publikujecie?
612,2,@anonymized_account Nie najwiÄ™kszÄ… konpromitacjÄ… w powojennej historii to byÅ‚ Pana udziaÅ‚ w obalaniu Premiera Olszewskiego. #NocnaZmianaPamiÄ™tamy
613,1,@anonymized_account Witaj Wonder!ğŸ˜ğŸ˜ğŸ˜CzyÅ¼by kobieca zazdroÅ›Ä‡ po wczorajszym zdjÄ™ciu?ğŸ˜ğŸ˜ğŸ˜ğŸ˜ğŸ˜€ğŸ˜€ğŸ˜€
614,1,"@anonymized_account Zgadzam siÄ™, jest prosta rÃ³Å¼nica. Popatrz w lustro to zobaczysz dupka."
615,2,"@anonymized_account @anonymized_account Profesor od glupoty, jak byÄ‡ gÅ‚upszym"
616,1,"@anonymized_account @anonymized_account @anonymized_account @anonymized_account @anonymized_account Nikt ciÄ™ nie czyta, za cienki trolek jesteÅ›"
617,1,"@anonymized_account @anonymized_account @anonymized_account @anonymized_account Piotrek pytaÅ‚, czy siÄ™ Ivan do tego tematu odnosiÅ‚."
618,2,@anonymized_account @anonymized_account @anonymized_account Nie zapomnij nakolannikÃ³w karykaturo prezydenta.
619,2,@anonymized_account @anonymized_account Hehe Cracovia dzis nieznaczy nic w Krakowie ale nawet jak coÅ› znaczyla to i tak miaÅ‚a kompleks WisÅ‚y.
620,1,"@anonymized_account @anonymized_account Ale tÄ… sÄ… chamy bez traktorÃ³w, pisdzielstwo z miasta, cham jebany od marketingu koÅ„mi chce siÄ™ zajmowaÄ‡,"
621,1,"@anonymized_account @anonymized_account @anonymized_account WidzÄ™, Å¼e o debili tu nie problem. Co drugi prawy za  takiego robi."
622,2,"Lubnauer: PiS juÅ¼ siÄ™ zbliÅ¼a, juÅ¼ puka do naszych drzwi ale zapomniaÅ‚a, Å¼e ciÄ…g dalszy jest taki: pobiegnÄ™ go przywitaÄ‡ z radoÅ›ci serce drÅ¼y"
623,1,@anonymized_account Moja katechetka byÅ‚a lesba XDD
624,2,"SwojÄ… drogÄ… to ciekawe jak moÅ¼na nie mieÄ‡ Å¼adnych wÄ…tpliwoÅ›ci, pisdzielce to geniusze"
625,2,"@anonymized_account @anonymized_account Ciekawy jestem kto bÄ™dzie tym pierwszym, ktÃ³ry, przy kolejnym wypowiedzianym kÅ‚amstwie da Ci po prostu w mordÄ™."
626,2,@anonymized_account @anonymized_account BojÃ³wek? To teraz tak nazywacie niepisowska czeÅ›Ä‡ spoÅ‚eczeÅ„stwa? To ja was bÄ™dÄ™ nazywaÅ‚ #bandaskurwysynowizlodziei
627,1,@anonymized_account Ciekawe w jaki sposÃ³b Nurowska okazuje panu profesorowi swoje poddaÅ„stwo. Pachnie mi tu sexem oralnym.ğŸ˜ğŸ˜ğŸ˜ğŸ˜
628,2,@anonymized_account @anonymized_account ZaczÄ…Å‚eÅ› robiÄ‡ za prymasa pajacu?
629,2,"@anonymized_account Popyt podaÅ¼, ale kur wie lepiej"
630,1,"@anonymized_account Trust me, gdyby byÅ‚ trochÄ™ mÅ‚odszy i miaÅ‚ trochÄ™ wiÄ™cej kasy to dawno by siÄ™ jej pozbyÅ‚ bo traktuje ja okropnie"
631,1,@anonymized_account @anonymized_account Chcesz jeszcze coÅ› dodaÄ‡ inteligencie o IQ na poziomie temperatury wÅ‚asnego ciaÅ‚a?
632,1,@anonymized_account @anonymized_account ZebraÅ‚o siÄ™ stowarzyszenie sierot po komunie i pierdoli smutki o przeszÅ‚oÅ›ci.
633,1,@anonymized_account @anonymized_account WidaÄ‡ nie tylko w tych sprawach jest desperatem skoro nawet o followersÃ³w prosi ğŸ˜‚
634,1,@anonymized_account GÅ‚upi gnÃ³j nie wie Å¼e to siÄ™ nie sprawdza.Ale za to wrÃ³ci do niego. @anonymized_account ğŸ‘ğŸ‘ğŸ‘ğŸ‘ğŸ‘
635,2,"@anonymized_account GdybyÅ›cie z najebanymi gÃ³rnikami z Å‚aÅ„cuchami, albo z kibicami w kominiarkach, Å›mierdzisz z daleka"
636,2,"@anonymized_account @anonymized_account @anonymized_account odblokuj @anonymized_account w imiÄ™ Jarkacza, szak to kawaÅ‚ jest kutasa"
637,1,@anonymized_account @anonymized_account @anonymized_account No to musimy ich sprowokowaÄ‡ :D
638,2,"WyÅ›cig o Plastusiowego Debila trwa.Walka jest zaÅ¼arta. WalczÄ…: Piasecki, Wielowiejska,Kidawa-BÅ‚oÅ„ska,KrÃ³l,Czuchnowski. Kto zwyciÄ™Å¼y?ğŸ˜ğŸ˜ğŸ˜"
639,2,@anonymized_account To jest baÅ‚wochwalstwo. Kupa betonu albo metalu sprofanowana..... To jest chore.
640,1,@anonymized_account @anonymized_account Tym.razem zakoÅ„czymy ta dyskusje bo szkoda mi czasu na gawÄ™dy o niczym z debilem.
641,2,@anonymized_account Pan Kocha PolskÄ™ HAHA tak jak te obywateleUB ciemnota z KODu... Itp
642,2,"@anonymized_account @anonymized_account @anonymized_account Rozumiem, Å¼e jutro w sejmie powie to pani protestujÄ…cym. ZaÅ‚gane  pisowskie skurwysyny."
643,2,@anonymized_account @anonymized_account Znowu siÄ™ czegoÅ› nacpaÅ‚eÅ› i bredzisz
644,2,@anonymized_account Taki motÅ‚och zostaÅ‚ uaktywniony przez prymitywÃ³w z PiSu.
645,1,@anonymized_account @anonymized_account @anonymized_account Kura ma jeden zwÃ³j mÃ³zgowy. Ta osoba ma dwa.
646,1,"@anonymized_account @anonymized_account @anonymized_account @anonymized_account FaszyzujÄ…cy ultras, plujÄ…cy jadem, zajebaÅ‚ bym mu kopa w dupÄ™ najchÄ™tniej"
647,2,"@anonymized_account BojÄ™ siÄ™ Pana, skrajnie zidealizowany, teraz na bogs po mordzie siÄ™ poobijaÄ‡, limo pod oczami to chluba"
648,1,"@anonymized_account @anonymized_account Chuj nie waÅ¼ne, 3 razy przeczytaÅ‚em i kurwa to samo, mogÅ‚eÅ› innych argumentÃ³w uÅ¼yÄ‡ dla takich jak ja"
649,2,@anonymized_account @anonymized_account DusiÄ‡ do ostatniego oddechu. Brawo. GratulujÄ™.
650,2,"No i  rozjebaliÅ›my pisdzielcÃ³w, jak tego tetrzebowaÅ‚em"
651,2,@anonymized_account @anonymized_account ÅÅ¼esz jak pies. Nie speÅ‚niliÅ›cie niczego i publicznie kÅ‚amiecie. Nie ma Å¼adnej decyzji w tej sprawie.
652,1,@anonymized_account @anonymized_account Same k****a przypadki.Jakie to Å¼aÅ‚osne.
653,2,"@anonymized_account @anonymized_account maÅ‚o wiem o Å›wiecie, na cmentarzu Bona obciÄ…gaÅ‚a  staremu Morawieckiemu?"
654,2,@anonymized_account Kolejny debilny sukience. Ich seksualne obsesje zaczynajÄ… przybieraÄ‡ absurdalne rozmiary
655,2,"@anonymized_account @anonymized_account Normalny Polak za granicÄ… zÅ‚ego sÅ‚owa nie powie na swÃ³j kraj, sprzedajna Å›winia tak."
656,2,"Banda patafianÃ³w z Caballero na czele na boisku, a zmieniamy Aguero na Higuaina. Drugi do zmiany Pavon. ğŸ˜‚"
657,2,@anonymized_account Robisz siÄ™ groteskowy chÅ‚opie. Taki dyÅ¼urny primitywny funkcjonariusz partyjnej propagandy.
658,2,@anonymized_account Daruj sobie chÅ‚opie. Dno przebiÅ‚eÅ› juÅ¼ dawno.
659,2,@anonymized_account @anonymized_account Co to za jakiÅ› nowy kretyn smoleÅ„ski? JakoÅ› nie byÅ‚ specjalnie aktywny do tej pory....
660,1,"@anonymized_account A ja bym to tak ujÄ…Å‚: Kto krzyÅ¼em wojuje, na krzyÅ¼u ginieğŸ˜"
661,1,@anonymized_account @anonymized_account @anonymized_account IdÅº siÄ™ leczyÄ‡ sieroto po komunie.
662,2,"PODAJ DALEJ ten tweet, a oddasz gÅ‚os na udziaÅ‚ Marcina Gortata w meczu gwiazd NBA:\n\nMarcin Gortat @anonymized_account #NBAVote\n\nJutro kolejny i nowy RT"
663,2,"@anonymized_account @anonymized_account @anonymized_account @anonymized_account @anonymized_account nie ma lekarzy, nie ma sÄ…dÃ³w, nic nie ma ale  jest pisdzielstwo"
664,2,"@anonymized_account @anonymized_account @anonymized_account @anonymized_account ByÅ‚ taki jeden, co do dziennikarza powiedziaÅ‚ \""spieprzaj dziadu\"". Pisowskie gnojki."
665,2,"@anonymized_account Za wyprzedanie Narodu, mordowanie ludzi przyjdzie czas zapÅ‚aty. Å»yczymy sobie wÅ‚aÅ›nie tego - SPRAWIEDLIWOÅšCI!!!!"
666,2,"@anonymized_account Ty juÅ¼ robiÅ‚eÅ› swoje reformy,wiec lepiej siÄ™ zamknij."
667,2,"@anonymized_account Mistrz od wkurwiania siÄ™ odezwaÅ‚, bot roku 2015, 2016, 2917,2018,2019 ...."
668,2,"@anonymized_account ZrezygnowaÅ‚? Wyjebali go wreszcie, tylko trzeba to byÅ‚o jakoÅ› sprytnie zrobiÄ‡, Å¼eby nie byÅ‚o, Å¼e opozycja miaÅ‚a racjÄ™."
669,2,"Nic kurwa poczucia humoru wyzywajÄ… babciÄ™ Herod @anonymized_account a mnie rozbawiÅ‚a, hahaha, gdzie opiekun @anonymized_account"
670,2,"@anonymized_account Tego katolickiego podejÅ›cia w zakrystii albo na plebanii, czy na kolanach u katechety?"
671,2,"@anonymized_account TÄ™paki, mieli podglÄ…d ale same gÅ‚upki"
672,2,"@anonymized_account To juÅ¼ tak nisko upadliÅ›cie, Å¼e musicie siÄ™ podpieraÄ‡ takimi tekstami? Å»enada."
673,2,"@anonymized_account Widzisz, i to jest rÃ³Å¼nica miÄ™dzy czÅ‚owiekiem inteligentnym a kimÅ›, komu apaszka odcina dopÅ‚yw tlenu w do mÃ³zgu."
674,2,@anonymized_account Pasujecie do siebie antypolskie kanalie.
675,2,"@anonymized_account @anonymized_account RachoÅ„ Jak zwykle manipuluje, taki to juÅ¼ pajac"
676,1,"@anonymized_account @anonymized_account @anonymized_account Tak byÅ‚o instastory i powiedziaÅ‚, Å¼e trener to chuj i nie zna angielskie. Ludzie..."
677,1,"@anonymized_account MoÅ¼na byÄ‡ teÅ¼ debilem, choÄ‡by i w zielonym"
678,2,"Morawiecki senior robi w trÄ…bÄ™ zmarÅ‚ych, syn Å¼ywych. Taki podziaÅ‚ rÃ³l."
679,1,@anonymized_account To przy nastÄ™pnej prÃ³bie wyciagania czegoÅ› z kontekstu wÅ‚Ä…cz myÅ›lenie.
680,1,@anonymized_account Patrzymy na was @anonymized_account z poÅ¼Ä…daniemğŸ˜ğŸ˜ğŸ˜
681,1,"@anonymized_account I tak oto chrzeÅ›cijaÅ„ska patriotka i katoliczka zostaÅ‚a antysemitkÄ… wkÅ‚adajÄ…c kij w mrowiskoğŸ˜ğŸ˜ğŸ˜ğŸ˜ğŸ˜. Oj nie Å‚adnie,nie Å‚adnie!ğŸ˜ğŸ˜ğŸ˜"
682,2,@anonymized_account @anonymized_account @anonymized_account @anonymized_account Odpierdolcie siÄ™.od samorzÄ…dÃ³w a bÄ™dÄ… siÄ™ bogaciÄ‡
683,2,"@anonymized_account Przeprosili, bo tak siÄ™ zachowujÄ… cywilizowani ludzie. A nie jak @anonymized_account i jego propisowskie miernoty."
684,2,"@anonymized_account @anonymized_account Socjologia - dobre narzÄ™dzie, jedno z tych, wykorzystywanych do robienia przez KK ludziom wody z mÃ³zgu."
685,2,"@anonymized_account @anonymized_account Jasne, caÅ‚e Å¼ycie bÄ™dzie graÅ‚ wariata za miliony z budÅ¼etu."
686,2,"@anonymized_account Co za jeÅ‚op z tego typa, brak sÅ‚Ã³w. Przemawia do idiotÃ³w ale jest ich coraz mniej."
687,2,@anonymized_account @anonymized_account @anonymized_account A kiedy ty zdasz egzamin na zwrot ukradzionej kasy za kilometrÃ³wki?
688,1,@anonymized_account @anonymized_account @anonymized_account @anonymized_account O czym ty bÄ™dziesz pajacu?
689,2,"@anonymized_account Elo swastyka na ryju kiedy bÄ™dzie, sorry Å¼e ciÄ…gle pytam?"
690,1,@anonymized_account Wy to jednak jesteÅ›cie upoÅ›ledzeni.
691,2,Prowokator B.Budka Å¼ali siÄ™ na sÅ‚owa PJK po swoim wystÄ…pieniu w sejmie.Niech siÄ™ cieszy Å¼e nie dostaÅ‚ w mordÄ™ bo mu siÄ™ naleÅ¼aÅ‚o.
692,1,@anonymized_account @anonymized_account Wyszkowski weÅº piguÅ‚kÄ™ bo ci jebie
693,2,@anonymized_account Guru Michalkiewicz wciÄ…Å¼ czeka na wizytÄ™ u psychiatry?
694,2,"W IPN, w tym jebanym trzonie, gosopodarnoÅ›Ä‡ taki chuj, dojÄ…, nepotyzm, szmal, narodowcy spod @anonymized_account @anonymized_account"
695,1,"@anonymized_account JesteÅ› Ä‡punem Å¼e wiesz, wciÄ…gnij i sprawdÅº"
696,2,@anonymized_account A czy jest tam egzorcysta? Bo widzÄ™ aktorkÄ™ StalinowskÄ…ğŸ˜€ğŸ˜€
697,1,"@anonymized_account @anonymized_account Te \"" wykrztalcony'' wiesz co to ortografia baranie."
698,2,"@anonymized_account Jak tam sprawa w sÄ…dzie przeciwko GB  w sumie dwie bo i z panem Stola, ty czubku"
699,1,@anonymized_account @anonymized_account @anonymized_account @anonymized_account ByÅ‚ testowany to zagraÅ‚ wiÄ™cej minut. UÅ¼ywaj czasem mÃ³zgu.
700,2,@anonymized_account Ten Å›mieszny Pan od Kukiza teÅ¼ potem powie Å¼e Kukiz15 nie jest przybudÃ³wkÄ… PiSu ?
701,2,"@anonymized_account Jeju, kobieto zamilcz, Ty o tym samym 3 po 3, sÅ‚uchaÄ‡ siÄ™ nie da"
702,2,@anonymized_account @anonymized_account kolejny PiSowski debil idÄ…cy w zaparte.
703,2,"@anonymized_account Jak pisdzielstwo 98% wymieniÅ‚o to co siÄ™ dziwisz parchu  , polaku zÅ‚oty ptaku"
704,1,"@anonymized_account Teraz @anonymized_account Radko potwierdziÅ‚eÅ›, jesteÅ› chujem z gÃ³rnej pÃ³lki, ban kutasiarzu"
705,1,Dziwne. ? Dlaczego tych pieniÄ™dzy nie wÅ‚oÅ¼yÅ‚  do portfela ktÃ³ry trzymaÅ‚ w rÄ™ku. ZwykÅ‚y zÅ‚odziej !!!
706,1,@anonymized_account @anonymized_account @anonymized_account Lecz siÄ™ pÃ³ki nie jest za pÃ³Åºno
707,2,"@anonymized_account @anonymized_account @anonymized_account Åšmierdzi mu gÃ³wnem z gÄ™by, ale twardo mÃ³wi Å¼e pachnie, nie wiem co nim jest"
708,2,"@anonymized_account @anonymized_account A idÅºcie, najlepiej w pizdu."
709,2,"@anonymized_account Brakuje tlenu, mi brakuje odkÄ…d pis przejÄ…Å‚ wÅ‚adzÄ™"
710,2,"@anonymized_account @anonymized_account JuÅ¼ byÅ‚ taki jeden co machaÅ‚ rÄ…czkami. Kaszpirowski siÄ™ nazywaÅ‚ i teÅ¼ tak bredziÅ‚ jak ty.\nRÄ™ce, ktÃ³re leczÄ…....."
711,2,@anonymized_account Moim zdaniem to jesteÅ› sfrustrowanym czÅ‚owieczkiem przez pomyÅ‚kÄ™ kiedyÅ› nazwanym dziennikarzem.
712,1,@anonymized_account Ja teÅ¼ nazywam. I jeszcze nacjonalistycznÄ… hoÅ‚otÄ… niegodnÄ… tego miejsca.
713,1,@anonymized_account To opublikuj ty zaÅ‚gana mendo pisowska. ÅÅ¼esz jak caÅ‚e twoje Å›rodowisko.
714,2,@anonymized_account By ci kurwa zabrali te wifi pajacu
715,2,"@anonymized_account ZnalazÅ‚a pani juÅ¼ na siebie pomysÅ‚ po wyborach ? Bo to ,Å¼e nie bÄ™dzie juÅ¼ pani posÅ‚em to wiemy"
716,2,"W tym kraju nie ma Å»ydÃ³w,  a jest pisdzielstwo"
717,2,@anonymized_account @anonymized_account Co tu robi @anonymized_account ? Co to za dzban misiaczku?
718,1,@anonymized_account I pretensje do wszystkich tylko nie do siebie chÅ‚opie ty masz graÄ‡ a nie pÅ‚akaÄ‡ a jak ci siÄ™ niepodoba to dyryguj gdzie indziej
719,1,@anonymized_account JesteÅ› chory na odklejenie mÃ³zgowe
720,1,@anonymized_account @anonymized_account @anonymized_account JeÅ›li to prawda to niech spi....la.\n.
721,1,"@anonymized_account @anonymized_account czÅ‚owieku, ciebie popierdoliÅ‚o i poszedÅ‚eÅ› do PiSu, czy poszedÅ‚eÅ› do PiSu i ciÄ™ popierdoliÅ‚o?"
722,1,@anonymized_account Kolejne kÅ‚amstwo. Ale po to zrobiliÅ›cie sobie sakrament pokuty.
723,1,"@anonymized_account @anonymized_account WidzÄ™, Å¼e wybujaÅ‚e ego zasÅ‚ania ci pole widzenia."
724,2,"@anonymized_account @anonymized_account I co, mamy siÄ™ kurwa cieszyÄ‡ Å¼e nas podusicie? Banda debili."
725,2,"@anonymized_account IdÅºcie, oby jak najdalej od Polski."
726,2,@anonymized_account w politykÄ™ to sie bawi Pierwsza Prezes SN....nie zauwaÅ¼yÅ‚a Pani????
727,2,@anonymized_account @anonymized_account A poseÅ‚ Szczerba z tym dziwnym wyrazem oczu juÅ¼ siÄ™ urodziÅ‚ğŸ˜
728,2,@anonymized_account Ten przypadek nazywa schizofrenia paranoidalnağŸ˜ğŸ˜ğŸ˜
729,2,Jaruzelski i Kiszczak juÅ¼ dawno powinni zostaÄ‡ zdegradowani aby nie mogli zostaÄ‡ pochowani na PowÄ…zkach z wojskowymi honorami!\n#Woronicza17
730,2,@anonymized_account @anonymized_account ÅÅ¼esz jak bura suka kutasie
731,2,@anonymized_account KilkadziesiÄ…t godzin analiz i pominÄ…Å‚ Bolka i Komorowskiego. dziennikarzyna sprzedawczyk
732,2,"@anonymized_account 50 % poparcia a ten siÄ™ trzesie caÅ‚y czas, nie bÃ³j jeszcze siÄ™ nachapiesz i napsujesz krwi"
733,1,@anonymized_account Idiota?? MoÅ¼e teÅ¼.Ale przede wszystkim historyczny ignorant i analfabeta. Polemika z takim to strata czasu.
734,2,@anonymized_account Niech obniÅ¼y swoim pisowskim zÅ‚odziejom stary kretacz i sklerotyk.
735,1,@anonymized_account @anonymized_account @anonymized_account A kto ci wierzy pisowski oszuÅ›cie?
736,2,@anonymized_account To zbyt trudne dla miaÅ‚kich intelektualnie wszechpolakÃ³w. A poza tym mocno ogranicza iloÅ›Ä‡ sensownych okrzykÃ³w na marszach.
737,2,@anonymized_account Jest tych debili tutaj trochÄ™
738,1,@anonymized_account @anonymized_account @anonymized_account Hi hihi a co ty za baran jesteÅ›?
739,2,Lesbijka z Irlandii podle atakuje prawdziwie chrzeÅ›cijaÅ„ski RzÄ…d najjaÅ›niejszej Rzeczypospolitej. Co za podÅ‚oÅ›Ä‡...
740,2,@anonymized_account @anonymized_account @anonymized_account @anonymized_account Bo nie ma wiÄ™kszego prymitywa niÅ¼ @anonymized_account . Super macie kandydata na prezydenta.
741,2,@anonymized_account A ty jakim jesteÅ› dziadygÄ… pajacu?
742,1,@anonymized_account Hehehehehe.A pani@anonymized_account jak zwykle w gigantycznej formie intelektualnejğŸ˜ğŸ˜
743,2,@anonymized_account @anonymized_account Najlepiej bÄ™dzie jak siÄ™ kutasie od nas odpierdolisz razem z twoimi kolegami z PiSu
744,1,@anonymized_account @anonymized_account Raczej ma problem z gÅ‚owÄ…. Tak jak Ty i Tobie podobni.
745,2,"@anonymized_account Zjeby idÄ… na starcie, Å¼adnych ustÄ™pstw, Å¼adnych wÄ…tpliwoÅ›ci"
746,2,"Z sÄ…du korzystaÅ‚ co 5 Polak z tego poÅ‚owa jest zadowolona. SkÄ…d niechÄ™Ä‡  do sadow, z pisdzielskie szczucia, podobnie jak do uchodÅºcÃ³w"
747,1,@anonymized_account I sÅ‚usznie.  Zakompleksieni malkontenci nie muszÄ… oglÄ…daÄ‡ğŸ˜ğŸ˜€ğŸ˜€
748,2,@anonymized_account MiÄ™dzy innymi dziÄ™ki takim propagandzistom pisowskim jak ty.
749,2,Premier @anonymized_account w @anonymized_account PSL i PO wyprzedawali polskÄ… ziemiÄ™.
750,2,ProponujÄ™ pozbawiÄ‡ obywatelstwa polskiego i objÄ…Ä‡ zakazem powrotu do Polski wszystkie te euromendy jak im siÄ™ skoÅ„czy kadencja w UE
751,2,"@anonymized_account ZwyciÄ™stwa kogo?, czego? Bandy schizoli nad rozumem?"
752,2,"@anonymized_account @anonymized_account Tobie nie dorÃ³wnam w gÅ‚upocie. No i co z tego, Å¼e sobie tak zapowiedziaÅ‚ ? To jest jego zasrany obowiÄ…zek."
753,1,"@anonymized_account @anonymized_account MentalnoÅ›ciowo murzyn do kwadratu, dlatego taki czarny"
